game_id,date,season,week,game_type,away,home,away_score,home_score,home_win,home_win_rate,away_win_rate,home_ppg,away_ppg,home_rest_days,away_rest_days,home_prior_injuries,away_prior_injuries,home_prior_snaps,away_prior_snaps
2025_01_DAL_PHI,2025-09-04,2025,1,REG,DAL,PHI,20,24,1,,,,,,,,,,
2025_01_KC_LAC,2025-09-05,2025,1,REG,KC,LAC,21,27,1,,,,,,,,,,
2025_01_ARI_NO,2025-09-07,2025,1,REG,ARI,NO,20,13,0,,,,,,,,,,
2025_01_BAL_BUF,2025-09-07,2025,1,REG,BAL,BUF,40,41,1,,,,,,,,,,
2025_01_CAR_JAX,2025-09-07,2025,1,REG,CAR,JAX,10,26,1,,,,,,,,,,
2025_01_CIN_CLE,2025-09-07,2025,1,REG,CIN,CLE,17,16,0,,,,,,,,,,
2025_01_DET_GB,2025-09-07,2025,1,REG,DET,GB,13,27,1,,,,,,,,,,
2025_01_HOU_LA,2025-09-07,2025,1,REG,HOU,LA,9,14,1,,,,,,,,,,
2025_01_LV_NE,2025-09-07,2025,1,REG,LV,NE,20,13,0,,,,,,,,,,
2025_01_MIA_IND,2025-09-07,2025,1,REG,MIA,IND,8,33,1,,,,,,,,,,
2025_01_NYG_WAS,2025-09-07,2025,1,REG,NYG,WAS,6,21,1,,,,,,,,,,
2025_01_PIT_NYJ,2025-09-07,2025,1,REG,PIT,NYJ,34,32,0,,,,,,,,,,
2025_01_SF_SEA,2025-09-07,2025,1,REG,SF,SEA,17,13,0,,,,,,,,,,
2025_01_TB_ATL,2025-09-07,2025,1,REG,TB,ATL,23,20,0,,,,,,,,,,
2025_01_TEN_DEN,2025-09-07,2025,1,REG,TEN,DEN,12,20,1,,,,,,,,,,
2025_01_MIN_CHI,2025-09-08,2025,1,REG,MIN,CHI,27,24,0,,,,,,,,,,
2025_02_WAS_GB,2025-09-11,2025,2,REG,WAS,GB,18,27,1,1,1,27,21,4,4,9,6,1529,1769
2025_02_ATL_MIN,2025-09-14,2025,2,REG,ATL,MIN,22,6,0,1,0,27,20,6,7,6,9,1705,1771
2025_02_BUF_NYJ,2025-09-14,2025,2,REG,BUF,NYJ,30,10,0,0,1,32,41,7,7,5,7,1661,1881
2025_02_CAR_ARI,2025-09-14,2025,2,REG,CAR,ARI,22,27,1,1,0,20,10,7,7,6,5,1847,1671
2025_02_CHI_DET,2025-09-14,2025,2,REG,CHI,DET,21,52,1,0,0,13,24,7,6,6,8,1529,1705
2025_02_CLE_BAL,2025-09-14,2025,2,REG,CLE,BAL,17,41,1,0,0,40,16,7,7,4,13,1882,1662
2025_02_DEN_IND,2025-09-14,2025,2,REG,DEN,IND,28,29,1,1,1,33,20,7,7,2,7,1523,1781
2025_02_JAX_CIN,2025-09-14,2025,2,REG,JAX,CIN,27,31,1,1,1,17,26,7,7,1,3,1661,1672
2025_02_LA_TEN,2025-09-14,2025,2,REG,LA,TEN,33,19,0,0,1,12,14,7,7,4,3,1687,1572
2025_02_NE_MIA,2025-09-14,2025,2,REG,NE,MIA,33,27,0,0,0,8,13,7,7,14,5,1463,1795
2025_02_NYG_DAL,2025-09-14,2025,2,REG,NYG,DAL,37,40,1,0,0,20,6,10,7,4,2,1607,1771
2025_02_PHI_KC,2025-09-14,2025,2,REG,PHI,KC,20,17,0,0,1,21,24,9,10,8,5,1661,1606
2025_02_SEA_PIT,2025-09-14,2025,2,REG,SEA,PIT,31,17,0,1,0,34,13,7,7,5,7,1661,1660
2025_02_SF_NO,2025-09-14,2025,2,REG,SF,NO,26,21,0,0,1,13,17,7,7,5,17,1848,1660
2025_02_LAC_LV,2025-09-15,2025,2,REG,LAC,LV,20,9,0,1,1,20,27,8,10,2,3,1799,1660
2025_02_TB_HOU,2025-09-15,2025,2,REG,TB,HOU,20,19,0,0,1,9,23,8,8,5,11,1573,1771
2025_03_MIA_BUF,2025-09-18,2025,3,REG,MIA,BUF,21,31,1,1,0,35.5,17.5,4,4,11,8,1649,1595
2025_03_ARI_SF,2025-09-21,2025,3,REG,ARI,SF,15,16,1,1,1,21.5,23.5,7,7,12,7,1858,1782
2025_03_ATL_CAR,2025-09-21,2025,3,REG,ATL,CAR,0,30,1,0,0.5,16,21,7,7,8,13,1782,1506
2025_03_CIN_MIN,2025-09-21,2025,3,REG,CIN,MIN,10,48,1,0.5,1,16.5,24,7,7,17,3,1507,1836
2025_03_DAL_CHI,2025-09-21,2025,3,REG,DAL,CHI,14,31,1,0,0.5,22.5,30,7,7,8,3,1749,2133
2025_03_DEN_LAC,2025-09-21,2025,3,REG,DEN,LAC,20,23,1,1,0.5,23.5,24,6,7,5,5,1639,1727
2025_03_GB_CLE,2025-09-21,2025,3,REG,GB,CLE,10,13,1,0,1,16.5,27,7,10,6,14,1782,1814
2025_03_HOU_JAX,2025-09-21,2025,3,REG,HOU,JAX,10,17,1,0.5,0,26.5,14,7,6,5,5,1836,1694
2025_03_IND_TEN,2025-09-21,2025,3,REG,IND,TEN,41,20,0,0,1,15.5,31,7,7,7,9,1738,1727
2025_03_KC_NYG,2025-09-21,2025,3,REG,KC,NYG,22,9,0,0,0,21.5,19,7,7,8,10,2135,1584
2025_03_LA_PHI,2025-09-21,2025,3,REG,LA,PHI,26,33,1,1,1,22,23.5,7,7,6,8,1584,1738
2025_03_LV_WAS,2025-09-21,2025,3,REG,LV,WAS,24,41,1,0.5,0.5,19.5,14.5,10,6,12,3,1815,1640
2025_03_NO_SEA,2025-09-21,2025,3,REG,NO,SEA,13,44,1,0.5,0,22,17,7,7,8,7,1705,1859
2025_03_NYJ_TB,2025-09-21,2025,3,REG,NYJ,TB,27,29,1,1,0,21.5,21,6,7,11,8,1694,1649
2025_03_PIT_NE,2025-09-21,2025,3,REG,PIT,NE,21,14,0,0.5,0.5,23,25.5,7,7,9,8,1594,1704
2025_03_DET_BAL,2025-09-22,2025,3,REG,DET,BAL,38,30,0,0.5,0.5,40.5,32.5,8,8,5,7,1782,1747
2025_04_SEA_ARI,2025-09-25,2025,4,REG,SEA,ARI,23,20,0,0.666667,0.666667,20.666667,29.333333,4,4,9,10,1716,1792
2025_04_BAL_KC,2025-09-28,2025,4,REG,BAL,KC,20,37,1,0.333333,0.333333,20,37,7,6,11,8,1749,1705
2025_04_CAR_NE,2025-09-28,2025,4,REG,CAR,NE,13,42,1,0.333333,0.333333,20,20.666667,7,7,10,10,1594,1605
2025_04_CHI_LV,2025-09-28,2025,4,REG,CHI,LV,25,24,0,0.333333,0.333333,17.666667,25.333333,7,7,5,9,1705,1716
2025_04_CLE_DET,2025-09-28,2025,4,REG,CLE,DET,10,34,1,0.666667,0.333333,34.333333,15.333333,6,7,7,10,1704,1694
2025_04_GB_DAL,2025-09-28,2025,4,REG,GB,DAL,40,40,,0.333333,0.666667,24.666667,21.333333,7,7,4,9,1716,1694
2025_04_IND_LA,2025-09-28,2025,4,REG,IND,LA,20,27,1,0.666667,1,24.333333,34.333333,7,7,6,11,1770,1705
2025_04_JAX_SF,2025-09-28,2025,4,REG,JAX,SF,26,21,0,1,0.666667,19.666667,23.333333,7,7,12,7,1715,1760
2025_04_LAC_NYG,2025-09-28,2025,4,REG,LAC,NYG,18,21,1,0,1,17.333333,23.333333,7,7,13,7,1749,1870
2025_04_MIN_PIT,2025-09-28,2025,4,REG,MIN,PIT,21,24,1,0.666667,0.666667,24,27,7,7,9,12,1595,1640
2025_04_NO_BUF,2025-09-28,2025,4,REG,NO,BUF,19,31,1,1,0,34,15.666667,10,7,6,6,1617,1793
2025_04_PHI_TB,2025-09-28,2025,4,REG,PHI,TB,31,25,0,1,1,24,25.666667,7,7,10,5,1903,1771
2025_04_TEN_HOU,2025-09-28,2025,4,REG,TEN,HOU,0,26,1,0,0,12.666667,17,7,7,7,8,1759,1705
2025_04_WAS_ATL,2025-09-28,2025,4,REG,WAS,ATL,27,34,1,0.333333,0.666667,14,26.666667,7,7,15,11,1606,1704
2025_04_CIN_DEN,2025-09-29,2025,4,REG,CIN,DEN,3,28,1,0.333333,0.666667,22.666667,19.333333,8,8,7,6,1870,1639
2025_04_NYJ_MIA,2025-09-29,2025,4,REG,NYJ,MIA,21,27,1,0,0,18.666667,23,11,8,10,11,1617,1902
2025_05_SF_LA,2025-10-02,2025,5,REG,SF,LA,26,23,0,0.75,0.75,25,20,4,4,10,15,1804,1749
2025_05_DAL_NYJ,2025-10-05,2025,5,REG,DAL,NYJ,37,22,0,0,0.25,22.5,28.5,6,7,7,5,1595,2036
2025_05_DEN_PHI,2025-10-05,2025,5,REG,DEN,PHI,21,17,0,1,0.5,27,24,7,6,6,6,1782,1683
2025_05_DET_CIN,2025-10-05,2025,5,REG,DET,CIN,37,24,0,0.5,0.75,15.25,34.25,6,7,5,7,1682,1738
2025_05_HOU_BAL,2025-10-05,2025,5,REG,HOU,BAL,44,10,0,0.25,0.25,32.75,16,7,7,7,5,1658,1573
2025_05_LV_IND,2025-10-05,2025,5,REG,LV,IND,6,40,1,0.75,0.25,30.75,19.25,7,7,10,4,1803,1606
2025_05_MIA_CAR,2025-10-05,2025,5,REG,MIA,CAR,24,27,1,0.25,0.25,18.75,20.75,7,6,11,7,1606,1595
2025_05_MIN_CLE,2025-10-05,2025,5,REG,MIN,CLE,21,17,0,0.25,0.5,14,25.5,7,7,9,12,1737,1694
2025_05_NE_BUF,2025-10-05,2025,5,REG,NE,BUF,23,20,0,1,0.5,33.25,25.5,7,7,4,10,1661,1606
2025_05_NYG_NO,2025-10-05,2025,5,REG,NYG,NO,14,26,1,0,0.25,16.5,18.25,7,7,7,14,1661,1793
2025_05_TB_SEA,2025-10-05,2025,5,REG,TB,SEA,38,35,0,0.75,0.75,27.75,24.25,10,7,12,8,1760,1782
2025_05_TEN_ARI,2025-10-05,2025,5,REG,TEN,ARI,22,21,0,0.5,0,20.5,12.75,10,7,10,8,1760,1573
2025_05_WAS_LAC,2025-10-05,2025,5,REG,WAS,LAC,27,10,0,0.75,0.5,22,26.75,7,7,10,12,1792,1672
2025_05_KC_JAX,2025-10-06,2025,5,REG,KC,JAX,28,31,1,0.75,0.5,24,24.25,8,8,7,13,1749,1683
2025_06_PHI_NYG,2025-10-09,2025,6,REG,PHI,NYG,17,34,1,0.2,0.8,17.4,25,4,4,15,7,1782,1804
2025_06_ARI_IND,2025-10-12,2025,6,REG,ARI,IND,27,31,1,0.8,0.4,32.6,20.6,7,7,14,13,1683,1814
2025_06_CIN_GB,2025-10-12,2025,6,REG,CIN,GB,18,27,1,0.5,0.4,26,17,14,7,14,6,2035,1683
2025_06_CLE_PIT,2025-10-12,2025,6,REG,CLE,PIT,9,23,1,0.75,0.2,24,14.6,14,7,11,9,1694,1793
2025_06_DAL_CAR,2025-10-12,2025,6,REG,DAL,CAR,27,30,1,0.4,0.4,20.4,30.2,7,7,12,13,1694,1893
2025_06_DEN_NYJ,2025-10-12,2025,6,REG,DEN,NYJ,13,11,0,0,0.6,22.4,23.4,7,7,7,7,1892,1804
2025_06_DET_KC,2025-10-12,2025,6,REG,DET,KC,17,30,1,0.4,0.8,25,34.8,6,7,10,8,1628,1683
2025_06_LAC_MIA,2025-10-12,2025,6,REG,LAC,MIA,29,27,0,0.2,0.6,21.4,19.6,7,7,7,9,1694,1639
2025_06_LA_BAL,2025-10-12,2025,6,REG,LA,BAL,17,3,0,0.2,0.6,28.2,24.6,7,10,15,5,1561,2011
2025_06_NE_NO,2025-10-12,2025,6,REG,NE,NO,25,19,0,0.2,0.6,18.4,25,7,7,12,10,1782,1682
2025_06_SEA_JAX,2025-10-12,2025,6,REG,SEA,JAX,20,12,0,0.8,0.6,25.4,29.2,6,7,10,7,1628,1650
2025_06_SF_TB,2025-10-12,2025,6,REG,SF,TB,19,30,1,0.8,0.8,27,21.2,7,10,16,12,1650,2013
2025_06_TEN_LV,2025-10-12,2025,6,REG,TEN,LV,10,20,1,0.2,0.2,16.6,14.6,7,7,7,11,1683,1815
2025_06_BUF_ATL,2025-10-13,2025,6,REG,BUF,ATL,14,24,1,0.5,0.8,19,30.6,15,8,14,7,1672,1682
2025_06_CHI_WAS,2025-10-13,2025,6,REG,CHI,WAS,25,24,0,0.6,0.5,26.8,25.25,8,15,16,10,1639,1606
2025_07_PIT_CIN,2025-10-16,2025,7,REG,PIT,CIN,31,33,1,0.333333,0.8,17.166667,23.8,4,4,9,10,1661,1826
2025_07_ATL_SF,2025-10-19,2025,7,REG,ATL,SF,10,20,1,0.666667,0.6,20.833333,20,7,6,18,14,1648,1672
2025_07_CAR_NYJ,2025-10-19,2025,7,REG,CAR,NYJ,13,6,0,0,0.5,20.5,22,7,7,8,8,1603,1650
2025_07_GB_ARI,2025-10-19,2025,7,REG,GB,ARI,27,23,0,0.333333,0.6,21.666667,26.2,7,7,14,14,1749,1661
2025_07_IND_LAC,2025-10-19,2025,7,REG,IND,LAC,38,24,0,0.666667,0.833333,21.166667,32.333333,7,7,12,9,1651,1749
2025_07_LA_JAX,2025-10-19,2025,7,REG,LA,JAX,35,7,0,0.666667,0.666667,23.166667,23.333333,7,7,11,9,1771,1606
2025_07_LV_KC,2025-10-19,2025,7,REG,LV,KC,0,31,1,0.5,0.333333,25.833333,17.166667,7,7,12,7,1539,1595
2025_07_MIA_CLE,2025-10-19,2025,7,REG,MIA,CLE,6,31,1,0.166667,0.166667,13.666667,22.333333,7,7,15,8,1825,1661
2025_07_NE_TEN,2025-10-19,2025,7,REG,NE,TEN,31,13,0,0.166667,0.666667,13.833333,25,7,7,15,12,1594,1584
2025_07_NO_CHI,2025-10-19,2025,7,REG,NO,CHI,14,26,1,0.6,0.166667,25.2,18.5,6,7,11,10,1694,1584
2025_07_NYG_DEN,2025-10-19,2025,7,REG,NYG,DEN,32,33,1,0.666667,0.333333,21.666667,20.166667,7,10,7,10,1606,1671
2025_07_PHI_MIN,2025-10-19,2025,7,REG,PHI,MIN,28,22,0,0.6,0.666667,24.6,23.666667,14,10,13,7,1793,1671
2025_07_WAS_DAL,2025-10-19,2025,7,REG,WAS,DAL,22,44,1,0.333333,0.5,29.666667,26.333333,7,6,21,8,1650,1694
2025_07_HOU_SEA,2025-10-20,2025,7,REG,HOU,SEA,19,27,1,0.666667,0.4,27.666667,21.6,8,15,10,8,1773,1562
2025_07_TB_DET,2025-10-20,2025,7,REG,TB,DET,9,24,1,0.666667,0.833333,31.833333,27.5,8,8,11,11,1540,1650
2025_08_MIN_LAC,2025-10-23,2025,8,REG,MIN,LAC,10,37,1,0.571429,0.5,21.571429,24.166667,4,4,16,14,1741,1606
2025_08_BUF_CAR,2025-10-26,2025,8,REG,BUF,CAR,40,9,0,0.571429,0.666667,20.714286,27.833333,7,13,10,9,1705,1670
2025_08_CHI_BAL,2025-10-26,2025,8,REG,CHI,BAL,16,30,1,0.166667,0.666667,24,25.333333,14,7,13,9,1606,1650
2025_08_CLE_NE,2025-10-26,2025,8,REG,CLE,NE,13,32,1,0.714286,0.285714,25.857143,16.142857,7,7,10,14,1573,1551
2025_08_DAL_DEN,2025-10-26,2025,8,REG,DAL,DEN,24,44,1,0.714286,0.428571,23.285714,31.714286,7,7,5,15,2068,1826
2025_08_GB_PIT,2025-10-26,2025,8,REG,GB,PIT,35,25,0,0.666667,0.666667,25,26.333333,10,7,10,16,1793,1726
2025_08_MIA_ATL,2025-10-26,2025,8,REG,MIA,ATL,34,10,0,0.5,0.142857,18.333333,20,7,7,11,10,1671,1550
2025_08_NYG_PHI,2025-10-26,2025,8,REG,NYG,PHI,20,38,1,0.714286,0.285714,24.285714,21.857143,7,7,6,14,1606,2068
2025_08_NYJ_CIN,2025-10-26,2025,8,REG,NYJ,CIN,39,38,0,0.428571,0,19.428571,18.428571,10,7,9,6,1793,1705
2025_08_SF_HOU,2025-10-26,2025,8,REG,SF,HOU,15,26,1,0.333333,0.714286,21.166667,20.714286,6,7,5,19,1958,1671
2025_08_TB_NO,2025-10-26,2025,8,REG,TB,NO,23,3,0,0.142857,0.714286,17.857143,24.857143,7,6,6,11,1651,1771
2025_08_TEN_IND,2025-10-26,2025,8,REG,TEN,IND,14,38,1,0.857143,0.142857,33.142857,13.714286,7,7,11,16,1749,1573
2025_08_WAS_KC,2025-10-27,2025,8,REG,WAS,KC,7,28,1,0.571429,0.428571,26.571429,25.714286,8,8,9,15,1507,1825
2025_09_BAL_MIA,2025-10-30,2025,9,REG,BAL,MIA,28,6,0,0.25,0.285714,21.75,24.857143,4,4,10,10,1583,1683
2025_09_ATL_NE,2025-11-02,2025,9,REG,ATL,NE,23,24,1,0.75,0.428571,26.625,17.142857,7,7,11,16,1617,1584
2025_09_CAR_GB,2025-11-02,2025,9,REG,CAR,GB,16,13,0,0.714286,0.5,27.571429,19.25,7,7,16,6,1760,1672
2025_09_CHI_CIN,2025-11-02,2025,9,REG,CHI,CIN,47,42,0,0.375,0.571429,21.75,24,7,7,8,14,1771,1683
2025_09_DEN_HOU,2025-11-02,2025,9,REG,DEN,HOU,18,15,0,0.428571,0.75,21.857143,25.875,7,7,9,2,1671,1837
2025_09_IND_PIT,2025-11-02,2025,9,REG,IND,PIT,20,27,1,0.571429,0.875,25,33.75,7,7,8,11,1759,1672
2025_09_JAX_LV,2025-11-02,2025,9,REG,JAX,LV,30,29,0,0.285714,0.571429,14.714286,20.857143,14,14,6,6,1507,1892
2025_09_KC_BUF,2025-11-02,2025,9,REG,KC,BUF,21,28,1,0.714286,0.625,29.571429,26.75,7,6,8,10,1672,1518
2025_09_LAC_TEN,2025-11-02,2025,9,REG,LAC,TEN,27,20,0,0.125,0.625,13.75,23.5,7,10,14,10,1671,1638
2025_09_MIN_DET,2025-11-02,2025,9,REG,MIN,DET,27,24,0,0.714286,0.428571,30.714286,22.142857,13,10,9,10,1771,1639
2025_09_NO_LA,2025-11-02,2025,9,REG,NO,LA,10,34,1,0.714286,0.125,25,16,14,7,10,7,1892,1650
2025_09_SEA_WAS,2025-11-02,2025,9,REG,SEA,WAS,38,14,0,0.375,0.714286,23.375,27.571429,6,13,12,9,1518,1958
2025_09_SF_NYG,2025-11-02,2025,9,REG,SF,NYG,34,24,0,0.25,0.625,21.625,20,7,7,13,16,1529,1672
2025_09_ARI_DAL,2025-11-03,2025,9,REG,ARI,DAL,27,17,0,0.375,0.285714,30.75,21.857143,8,15,15,16,1836,1727
2025_10_LV_DEN,2025-11-06,2025,10,REG,LV,DEN,7,10,1,0.777778,0.25,25,16.5,4,4,6,7,1859,1859
2025_10_ARI_SEA,2025-11-09,2025,10,REG,ARI,SEA,22,44,1,0.75,0.375,28.875,22.5,7,6,13,11,1540,1727
2025_10_ATL_IND,2025-11-09,2025,10,REG,ATL,IND,25,31,1,0.777778,0.375,32.222222,17.875,7,7,12,17,1848,1650
2025_10_BAL_MIN,2025-11-09,2025,10,REG,BAL,MIN,27,19,0,0.5,0.375,22.75,25.25,7,10,14,5,1716,1584
2025_10_BUF_MIA,2025-11-09,2025,10,REG,BUF,MIA,13,30,1,0.222222,0.75,20,29.375,10,7,13,10,1584,1650
2025_10_CLE_NYJ,2025-11-09,2025,10,REG,CLE,NYJ,20,27,1,0.125,0.25,21,15.75,14,14,14,16,1771,1617
2025_10_DET_WAS,2025-11-09,2025,10,REG,DET,WAS,44,22,0,0.333333,0.625,22.333333,29.875,7,7,11,9,1540,1716
2025_10_JAX_HOU,2025-11-09,2025,10,REG,JAX,HOU,29,36,1,0.375,0.625,21,22,7,7,11,9,1859,1859
2025_10_LA_SF,2025-11-09,2025,10,REG,LA,SF,42,26,0,0.666667,0.75,21.555556,26.125,7,7,19,7,1681,1584
2025_10_NE_TB,2025-11-09,2025,10,REG,NE,TB,28,23,0,0.75,0.777778,24.625,26.333333,14,7,18,6,1650,1650
2025_10_NO_CAR,2025-11-09,2025,10,REG,NO,CAR,17,7,0,0.555556,0.111111,18.888889,15.333333,7,7,13,8,1540,1584
2025_10_NYG_CHI,2025-11-09,2025,10,REG,NYG,CHI,20,24,1,0.625,0.222222,26.875,21.888889,7,7,12,13,2024,1683
2025_10_PIT_LAC,2025-11-09,2025,10,REG,PIT,LAC,10,25,1,0.666667,0.625,23.888889,25.25,7,7,13,18,1550,1849
2025_10_PHI_GB,2025-11-10,2025,10,REG,PHI,GB,10,7,0,0.625,0.75,25.75,26,8,15,12,12,1540,1529
2025_11_NYJ_NE,2025-11-13,2025,11,REG,NYJ,NE,14,27,1,0.8,0.222222,26.5,21.666667,4,4,7,9,1727,1683
2025_11_BAL_CLE,2025-11-16,2025,11,REG,BAL,CLE,23,16,0,0.222222,0.444444,16.222222,25.444444,7,7,11,2,1683,1792
2025_11_CAR_ATL,2025-11-16,2025,11,REG,CAR,ATL,30,27,0,0.333333,0.5,18.666667,17.7,7,7,13,9,1837,1539
2025_11_CHI_MIN,2025-11-16,2025,11,REG,CHI,MIN,19,17,0,0.444444,0.666667,22.333333,26.555556,7,7,12,16,1793,1815
2025_11_CIN_PIT,2025-11-16,2025,11,REG,CIN,PIT,12,34,1,0.555556,0.333333,23.555556,24,7,14,13,10,1694,2024
2025_11_DET_PHI,2025-11-16,2025,11,REG,DET,PHI,9,16,1,0.777778,0.666667,24.222222,31.444444,6,7,10,14,1661,1661
2025_11_GB_NYG,2025-11-16,2025,11,REG,GB,NYG,27,20,0,0.2,0.555556,21.7,23.666667,7,6,19,17,1816,1661
2025_11_HOU_TEN,2025-11-16,2025,11,REG,HOU,TEN,16,13,0,0.111111,0.444444,14.444444,22.666667,14,7,13,15,1551,1793
2025_11_KC_DEN,2025-11-16,2025,11,REG,KC,DEN,19,22,1,0.8,0.555556,23.5,26.111111,10,14,11,10,1606,1649
2025_11_LAC_JAX,2025-11-16,2025,11,REG,LAC,JAX,6,35,1,0.555556,0.7,22.777778,24,7,7,13,11,1793,1693
2025_11_SEA_LA,2025-11-16,2025,11,REG,SEA,LA,19,21,1,0.777778,0.777778,27.888889,30.555556,7,7,6,10,1727,1815
2025_11_SF_ARI,2025-11-16,2025,11,REG,SF,ARI,41,22,0,0.333333,0.6,22.444444,22,7,7,12,16,1815,1727
2025_11_TB_BUF,2025-11-16,2025,11,REG,TB,BUF,32,44,1,0.666667,0.666667,27.555556,24.444444,7,7,11,12,1573,1727
2025_11_WAS_MIA,2025-11-16,2025,11,REG,WAS,MIA,13,16,1,0.3,0.3,21,22.3,7,7,13,14,1573,1661
2025_11_DAL_LV,2025-11-17,2025,11,REG,DAL,LV,33,16,0,0.222222,0.333333,15.444444,29.222222,11,14,6,14,1606,1727
2025_12_BUF_HOU,2025-11-20,2025,12,REG,BUF,HOU,19,23,1,0.5,0.7,22,29.2,4,4,16,14,1716,1727
2025_12_ATL_NO,2025-11-23,2025,12,REG,ATL,NO,24,10,0,0.2,0.3,15.5,19.5,14,7,9,20,1540,1936
2025_12_CLE_LV,2025-11-23,2025,12,REG,CLE,LV,24,10,0,0.2,0.2,15.5,16.2,6,7,6,13,1672,1617
2025_12_IND_KC,2025-11-23,2025,12,REG,IND,KC,20,23,1,0.5,0.8,25.4,32.1,7,14,8,9,1771,1773
2025_12_JAX_ARI,2025-11-23,2025,12,REG,JAX,ARI,27,24,0,0.3,0.6,22.4,24,7,7,19,15,1804,1529
2025_12_MIN_GB,2025-11-23,2025,12,REG,MIN,GB,6,23,1,0.6,0.4,24,21.8,7,7,14,14,1638,1759
2025_12_NE_CIN,2025-11-23,2025,12,REG,NE,CIN,26,20,0,0.3,0.818182,22.8,26.545455,7,10,9,15,1725,1639
2025_12_NYG_DET,2025-11-23,2025,12,REG,NYG,DET,27,34,1,0.6,0.181818,29.2,21.545455,7,7,18,17,1727,1639
2025_12_NYJ_BAL,2025-11-23,2025,12,REG,NYJ,BAL,10,23,1,0.5,0.2,25.2,20.9,7,10,10,8,1617,1639
2025_12_PHI_DAL,2025-11-23,2025,12,REG,PHI,DAL,21,24,1,0.4,0.8,29.6,23.4,6,7,10,9,1672,1727
2025_12_PIT_CHI,2025-11-23,2025,12,REG,PIT,CHI,28,31,1,0.7,0.6,25.8,24.6,7,7,15,12,1760,1726
2025_12_SEA_TEN,2025-11-23,2025,12,REG,SEA,TEN,30,24,0,0.1,0.7,14.3,29.4,7,7,12,13,1716,1769
2025_12_TB_LA,2025-11-23,2025,12,REG,TB,LA,7,34,1,0.8,0.6,27.2,25.2,7,7,7,8,1771,1727
2025_12_CAR_SF,2025-11-24,2025,12,REG,CAR,SF,9,20,1,0.636364,0.545455,23.727273,18.818182,8,8,8,6,1803,1935
2025_13_CIN_BAL,2025-11-27,2025,13,REG,CIN,BAL,32,14,0,0.545455,0.272727,25,22.545455,4,4,10,13,1606,1802
2025_13_GB_DET,2025-11-27,2025,13,REG,GB,DET,31,24,0,0.636364,0.636364,29.636364,23.909091,4,4,18,20,2002,1474
2025_13_KC_DAL,2025-11-27,2025,13,REG,KC,DAL,28,31,1,0.454545,0.545455,29.090909,25.181818,4,4,9,9,1826,1936
2025_13_CHI_PHI,2025-11-28,2025,13,REG,CHI,PHI,24,15,0,0.727273,0.727273,23.181818,26.272727,5,5,5,16,1825,1804
2025_13_ARI_TB,2025-11-30,2025,13,REG,ARI,TB,17,20,1,0.545455,0.272727,23.545455,22.545455,7,7,18,14,1639,1936
2025_13_ATL_NYJ,2025-11-30,2025,13,REG,ATL,NYJ,24,27,1,0.181818,0.363636,19.909091,19.909091,7,7,6,21,1606,1760
2025_13_BUF_PIT,2025-11-30,2025,13,REG,BUF,PIT,26,7,0,0.545455,0.636364,24.909091,28.272727,7,10,11,16,1804,1694
2025_13_DEN_WAS,2025-11-30,2025,13,REG,DEN,WAS,27,26,0,0.272727,0.818182,21.454545,23.363636,14,14,14,10,1573,1771
2025_13_HOU_IND,2025-11-30,2025,13,REG,HOU,IND,20,16,0,0.727273,0.545455,31,22.090909,7,10,8,17,1936,1694
2025_13_JAX_TEN,2025-11-30,2025,13,REG,JAX,TEN,25,3,0,0.090909,0.636364,15.181818,24.272727,7,7,13,17,1651,1936
2025_13_LA_CAR,2025-11-30,2025,13,REG,LA,CAR,28,31,1,0.5,0.818182,18,27.818182,6,7,9,6,1496,1639
2025_13_LV_LAC,2025-11-30,2025,13,REG,LV,LAC,14,31,1,0.636364,0.181818,22.363636,15,14,7,14,4,1529,1782
2025_13_MIN_SEA,2025-11-30,2025,13,REG,MIN,SEA,0,26,1,0.727273,0.363636,29.454545,20.363636,7,7,14,8,1649,1474
2025_13_NO_MIA,2025-11-30,2025,13,REG,NO,MIA,17,21,1,0.363636,0.181818,20.545455,15,14,7,10,7,1573,1759
2025_13_SF_CLE,2025-11-30,2025,13,REG,SF,CLE,26,8,0,0.272727,0.666667,16.909091,23.416667,7,6,11,10,1782,1496
2025_13_NYG_NE,2025-12-01,2025,13,REG,NYG,NE,15,33,1,0.833333,0.166667,26.5,22,8,8,13,14,1805,2002
2025_14_DAL_DET,2025-12-04,2025,14,REG,DAL,DET,30,44,1,0.583333,0.5,29.166667,29.25,7,7,15,13,1649,1826
2025_14_CHI_GB,2025-12-07,2025,14,REG,CHI,GB,21,28,1,0.666667,0.75,24.5,26.083333,10,9,16,12,1649,1816
2025_14_CIN_BUF,2025-12-07,2025,14,REG,CIN,BUF,34,39,1,0.666667,0.333333,28.083333,23.333333,7,10,13,10,1507,1870
2025_14_DEN_LV,2025-12-07,2025,14,REG,DEN,LV,24,17,0,0.166667,0.833333,14.916667,23.666667,7,7,8,6,1507,2078
2025_14_HOU_KC,2025-12-07,2025,14,REG,HOU,KC,20,10,0,0.5,0.583333,25.416667,21.916667,10,7,10,8,1827,1672
2025_14_IND_JAX,2025-12-07,2025,14,REG,IND,JAX,19,36,1,0.666667,0.666667,24.333333,29.75,7,7,14,7,1606,1672
2025_14_LA_ARI,2025-12-07,2025,14,REG,LA,ARI,45,17,0,0.25,0.75,22.083333,27.833333,7,7,17,9,1595,1540
2025_14_MIA_NYJ,2025-12-07,2025,14,REG,MIA,NYJ,34,10,0,0.25,0.416667,20.5,20.583333,7,7,4,10,1847,1727
2025_14_NO_TB,2025-12-07,2025,14,REG,NO,TB,24,20,0,0.583333,0.166667,23.25,15.166667,7,7,12,4,1595,1727
2025_14_PIT_BAL,2025-12-07,2025,14,REG,PIT,BAL,27,22,0,0.5,0.5,24.083333,23.416667,10,7,8,11,1870,1507
2025_14_SEA_ATL,2025-12-07,2025,14,REG,SEA,ATL,37,9,0,0.333333,0.75,20.25,29.166667,7,7,14,13,1848,1562
2025_14_TEN_CLE,2025-12-07,2025,14,REG,TEN,CLE,31,29,0,0.25,0.083333,16.166667,14.166667,7,7,16,14,1661,1606
2025_14_WAS_MIN,2025-12-07,2025,14,REG,WAS,MIN,0,31,1,0.333333,0.25,18.666667,21.833333,7,7,12,17,1562,2079
2025_14_PHI_LAC,2025-12-08,2025,14,REG,PHI,LAC,19,22,1,0.666667,0.666667,23.083333,22.5,8,10,3,11,1507,1814
2025_15_ATL_TB,2025-12-11,2025,15,REG,ATL,TB,29,28,0,0.538462,0.307692,23,19.384615,4,4,10,12,1694,1671
2025_15_ARI_HOU,2025-12-14,2025,15,REG,ARI,HOU,20,40,1,0.615385,0.230769,21.769231,21.692308,7,7,9,14,1764,1793
2025_15_BAL_CIN,2025-12-14,2025,15,REG,BAL,CIN,24,0,0,0.307692,0.461538,24.153846,23.923077,7,7,8,8,1626,1770
2025_15_BUF_NE,2025-12-14,2025,15,REG,BUF,NE,35,31,0,0.846154,0.692308,27,28.923077,13,7,11,11,1606,1628
2025_15_CAR_NO,2025-12-14,2025,15,REG,CAR,NO,17,20,1,0.230769,0.538462,15.846154,19,7,14,5,7,1692,1540
2025_15_CLE_CHI,2025-12-14,2025,15,REG,CLE,CHI,3,31,1,0.692308,0.230769,25.692308,17.153846,7,7,10,17,1628,1869
2025_15_DET_LA,2025-12-14,2025,15,REG,DET,LA,34,41,1,0.769231,0.615385,29.153846,30.307692,7,10,10,12,1793,1958
2025_15_GB_DEN,2025-12-14,2025,15,REG,GB,DEN,26,34,1,0.846154,0.692308,23.692308,24.769231,7,7,6,19,1573,1628
2025_15_IND_SEA,2025-12-14,2025,15,REG,IND,SEA,16,18,1,0.769231,0.615385,29.769231,28.923077,7,7,15,7,1672,1771
2025_15_LAC_KC,2025-12-14,2025,15,REG,LAC,KC,16,13,0,0.461538,0.692308,24.230769,23,7,6,11,10,1771,1980
2025_15_LV_PHI,2025-12-14,2025,15,REG,LV,PHI,0,31,1,0.615385,0.153846,22.230769,15.076923,6,7,9,10,1980,1573
2025_15_MIN_DAL,2025-12-14,2025,15,REG,MIN,DAL,34,26,0,0.461538,0.384615,29.307692,19.615385,10,7,13,15,1958,1452
2025_15_NYJ_JAX,2025-12-14,2025,15,REG,NYJ,JAX,20,48,1,0.692308,0.230769,25.230769,19.692308,7,7,14,9,1771,1694
2025_15_TEN_SF,2025-12-14,2025,15,REG,TEN,SF,24,37,1,0.692308,0.153846,23.615385,15.461538,14,7,10,12,1662,1870
2025_15_WAS_NYG,2025-12-14,2025,15,REG,WAS,NYG,29,21,0,0.153846,0.230769,21.461538,20.153846,13,7,13,11,1606,1452
2025_15_MIA_PIT,2025-12-15,2025,15,REG,MIA,PIT,15,28,1,0.538462,0.461538,23.692308,21.615385,8,8,13,9,1770,1693
2025_16_LA_SEA,2025-12-18,2025,16,REG,LA,SEA,37,38,1,0.785714,0.785714,28.928571,30,4,4,17,5,1649,1870
2025_16_GB_CHI,2025-12-20,2025,16,REG,GB,CHI,16,22,1,0.714286,0.642857,26.071429,24.857143,6,6,7,17,1639,1761
2025_16_PHI_WAS,2025-12-20,2025,16,REG,PHI,WAS,29,18,0,0.285714,0.642857,20.785714,22.857143,6,6,11,7,1738,1419
2025_16_ATL_ARI,2025-12-21,2025,16,REG,ATL,ARI,26,19,0,0.214286,0.357143,21.571429,20.071429,7,10,19,11,1771,1826
2025_16_BUF_CLE,2025-12-21,2025,16,REG,BUF,CLE,23,20,0,0.214286,0.714286,16.142857,29.357143,7,7,19,9,1639,1650
2025_16_CIN_MIA,2025-12-21,2025,16,REG,CIN,MIA,45,21,0,0.428571,0.285714,21.142857,22.428571,6,7,14,6,1528,1473
2025_16_JAX_DEN,2025-12-21,2025,16,REG,JAX,DEN,34,20,0,0.857143,0.714286,24.428571,26.857143,7,7,5,10,1760,1759
2025_16_KC_TEN,2025-12-21,2025,16,REG,KC,TEN,9,26,1,0.142857,0.428571,16.071429,23.428571,7,7,10,12,1716,1661
2025_16_LAC_DAL,2025-12-21,2025,16,REG,LAC,DAL,34,17,0,0.428571,0.714286,29.071429,22.5,7,7,10,10,1727,1660
2025_16_LV_HOU,2025-12-21,2025,16,REG,LV,HOU,21,23,1,0.642857,0.142857,23.071429,14,7,7,12,11,1771,1419
2025_16_MIN_NYG,2025-12-21,2025,16,REG,MIN,NYG,16,13,0,0.142857,0.428571,21.428571,20.642857,7,7,18,15,1738,1727
2025_16_NE_BAL,2025-12-21,2025,16,REG,NE,BAL,28,24,0,0.5,0.785714,23.928571,27.285714,7,7,10,8,1474,1650
2025_16_NYJ_NO,2025-12-21,2025,16,REG,NYJ,NO,6,29,1,0.285714,0.214286,16.142857,19.714286,7,7,7,13,1639,1760
2025_16_PIT_DET,2025-12-21,2025,16,REG,PIT,DET,29,24,0,0.571429,0.571429,30.571429,24,7,6,10,15,1870,1529
2025_16_TB_CAR,2025-12-21,2025,16,REG,TB,CAR,20,23,1,0.5,0.5,18.857143,23.357143,7,10,6,14,1638,1827
2025_16_SF_IND,2025-12-22,2025,16,REG,SF,IND,48,27,0,0.571429,0.714286,28,24.571429,8,8,12,10,1650,1716
2025_17_DAL_WAS,2025-12-25,2025,17,REG,DAL,WAS,30,23,0,0.266667,0.4,20.6,28.266667,5,4,12,17,1627,1584
2025_17_DEN_KC,2025-12-25,2025,17,REG,DEN,KC,20,13,0,0.4,0.8,22.466667,24.133333,4,4,18,9,1595,1837
2025_17_DET_MIN,2025-12-25,2025,17,REG,DET,MIN,10,23,1,0.466667,0.533333,20.333333,30.133333,4,4,10,10,1496,1935
2025_17_BAL_GB,2025-12-27,2025,17,REG,BAL,GB,41,24,0,0.6,0.466667,24.266667,23.933333,7,6,19,14,1738,1683
2025_17_HOU_LAC,2025-12-27,2025,17,REG,HOU,LAC,20,16,0,0.733333,0.666667,23.266667,23.066667,6,6,12,13,1584,1639
2025_17_ARI_CIN,2025-12-28,2025,17,REG,ARI,CIN,14,37,1,0.333333,0.2,23.933333,21.4,7,7,14,15,1649,1749
2025_17_CHI_SF,2025-12-28,2025,17,REG,CHI,SF,38,42,1,0.733333,0.733333,26.133333,25.8,6,8,12,10,1726,1738
2025_17_JAX_IND,2025-12-28,2025,17,REG,JAX,IND,23,17,0,0.533333,0.733333,27.933333,27.333333,6,7,16,8,1727,1837
2025_17_NE_NYJ,2025-12-28,2025,17,REG,NE,NYJ,42,10,0,0.2,0.8,18.8,27.333333,7,7,12,6,1892,1683
2025_17_NO_TEN,2025-12-28,2025,17,REG,NO,TEN,34,26,0,0.2,0.333333,16.733333,17,7,7,13,11,1595,1892
2025_17_NYG_LV,2025-12-28,2025,17,REG,NYG,LV,34,10,0,0.133333,0.133333,14.466667,20.866667,7,7,8,13,1637,1496
2025_17_PHI_BUF,2025-12-28,2025,17,REG,PHI,BUF,13,12,0,0.733333,0.666667,28.933333,23.266667,7,8,12,10,1540,1628
2025_17_PIT_CLE,2025-12-28,2025,17,REG,PIT,CLE,6,13,1,0.2,0.6,16.4,24.333333,7,7,18,14,1540,1936
2025_17_SEA_CAR,2025-12-28,2025,17,REG,SEA,CAR,27,10,0,0.533333,0.8,19.133333,29.533333,7,10,8,10,1595,2122
2025_17_TB_MIA,2025-12-28,2025,17,REG,TB,MIA,17,20,1,0.4,0.466667,21.133333,23.133333,7,7,15,7,1650,1595
2025_17_LA_ATL,2025-12-29,2025,17,REG,LA,ATL,24,27,1,0.4,0.733333,20.466667,30.466667,8,11,18,6,1749,2123
2025_18_CAR_TB,2026-01-03,2025,18,REG,CAR,TB,14,16,1,0.4375,0.5,22.75,18.5625,6,6,10,10,1617,1539
2025_18_SEA_SF,2026-01-03,2025,18,REG,SEA,SF,13,3,0,0.75,0.8125,27.125,29.375,6,6,9,8,1859,1540
2025_18_ARI_LA,2026-01-04,2025,18,REG,ARI,LA,20,37,1,0.6875,0.1875,30.0625,20.9375,6,7,7,13,1606,1760
2025_18_BAL_PIT,2026-01-04,2025,18,REG,BAL,PIT,24,26,1,0.5625,0.5,23.1875,25,7,8,13,8,1529,1628
2025_18_CLE_CIN,2026-01-04,2025,18,REG,CLE,CIN,20,18,0,0.375,0.25,24.75,16.1875,7,7,8,18,1760,1529
2025_18_DAL_NYG,2026-01-04,2025,18,REG,DAL,NYG,17,34,1,0.1875,0.4375,21.6875,28.375,7,10,12,17,1596,1814
2025_18_DET_CHI,2026-01-04,2025,18,REG,DET,CHI,19,16,0,0.6875,0.5,26.5625,28.875,7,10,18,14,1859,1584
2025_18_GB_MIN,2026-01-04,2025,18,REG,GB,MIN,3,16,1,0.5,0.5625,20.5,24.25,10,8,11,20,1584,1628
2025_18_IND_HOU,2026-01-04,2025,18,REG,IND,HOU,30,38,1,0.6875,0.5,22.875,27.25,8,7,16,14,1727,1650
2025_18_KC_LV,2026-01-04,2025,18,REG,KC,LV,12,14,1,0.125,0.375,14.1875,21.875,7,10,6,16,1595,1496
2025_18_LAC_DEN,2026-01-04,2025,18,REG,LAC,DEN,3,19,1,0.8125,0.6875,23.875,22.8125,10,8,9,13,1496,1726
2025_18_MIA_NE,2026-01-04,2025,18,REG,MIA,NE,10,38,1,0.8125,0.4375,28.25,21.0625,7,7,16,11,1683,1617
2025_18_NO_ATL,2026-01-04,2025,18,REG,NO,ATL,17,19,1,0.4375,0.375,20.875,18.0625,6,7,15,12,1606,1771
2025_18_NYJ_BUF,2026-01-04,2025,18,REG,NYJ,BUF,8,35,1,0.6875,0.1875,27.875,18.25,7,7,13,9,1694,1682
2025_18_TEN_JAX,2026-01-04,2025,18,REG,TEN,JAX,7,41,1,0.75,0.1875,27.0625,17.3125,7,7,12,12,1650,1772
2025_18_WAS_PHI,2026-01-04,2025,18,REG,WAS,PHI,24,17,0,0.6875,0.25,22.625,20.75,7,10,11,13,1694,1814
2025_19_GB_CHI,2026-01-10,2025,19,WC,GB,CHI,27,31,1,0.647059,0.529412,25.941176,23,6,6,9,13,1628,1551
2025_19_LA_CAR,2026-01-10,2025,19,WC,LA,CAR,34,31,0,0.470588,0.705882,18.294118,30.470588,7,6,8,14,1540,1737
2025_19_BUF_JAX,2026-01-11,2025,19,WC,BUF,JAX,27,24,0,0.764706,0.705882,27.882353,28.294118,7,7,11,16,1550,1529
2025_19_LAC_NE,2026-01-11,2025,19,WC,LAC,NE,3,16,1,0.823529,0.647059,28.823529,21.647059,7,7,17,15,1562,1727
2025_19_SF_PHI,2026-01-11,2025,19,WC,SF,PHI,23,19,0,0.647059,0.705882,22.294118,25.705882,7,8,8,9,1705,1406
2025_19_HOU_PIT,2026-01-12,2025,19,WC,HOU,PIT,30,6,0,0.588235,0.705882,23.352941,23.764706,8,8,10,15,1705,1861
2025_20_BUF_DEN,2026-01-17,2025,20,DIV,BUF,DEN,30,33,1,0.823529,0.722222,23.588235,28.222222,13,6,6,16,1727,1595
2025_20_SF_SEA,2026-01-17,2025,20,DIV,SF,SEA,6,41,1,0.823529,0.722222,28.411765,25.555556,14,6,13,13,1408,1729
2025_20_HOU_NE,2026-01-18,2025,20,DIV,HOU,NE,16,28,1,0.833333,0.722222,28.111111,24.111111,7,6,14,13,1584,1651
2025_20_LA_CHI,2026-01-18,2025,20,DIV,LA,CHI,20,17,0,0.666667,0.722222,26.222222,30.666667,8,8,12,10,1936,1925
2025_21_LA_SEA,2026-01-25,2025,21,CON,LA,SEA,27,31,1,0.833333,0.736842,29.111111,30.105263,8,7,14,12,1507,2034
2025_21_NE_DEN,2026-01-25,2025,21,CON,NE,DEN,10,7,0,0.833333,0.842105,24.111111,28.105263,8,7,4,9,1991,1881
2025_22_SEA_NE,2026-02-08,2025,22,SB,SEA,NE,29,13,0,0.85,0.842105,27.2,29.210526,14,14,14,15,1628,1727
2026_01_NE_SEA,2026-09-09,2026,1,REG,NE,SEA,10,13,1,0.85,0.809524,29.2,26.52381,213,213,14,6,1946,1947
2026_01_SF_LA,2026-09-10,2026,1,REG,SF,LA,27,7,0,0.7,0.684211,29.95,24.526316,228,236,5,10,1726,1506
2026_01_ARI_LAC,2026-09-13,2026,1,REG,ARI,LAC,26,14,0,0.611111,0.176471,20.611111,20.882353,245,252,13,10,1584,1737
2026_01_ATL_PIT,2026-09-13,2026,1,REG,ATL,PIT,13,20,1,0.555556,0.470588,22.388889,20.764706,244,252,9,18,1652,1749
2026_01_BAL_IND,2026-09-13,2026,1,REG,BAL,IND,41,23,0,0.470588,0.470588,27.411765,24.941176,252,252,12,11,1859,1705
2026_01_BUF_HOU,2026-09-13,2026,1,REG,BUF,HOU,36,31,0,0.684211,0.684211,23.684211,28.315789,238,239,13,15,1881,1990
2026_01_CHI_CAR,2026-09-13,2026,1,REG,CHI,CAR,59,37,0,0.444444,0.631579,19,25.736842,246,238,8,8,1925,2034
2026_01_CLE_JAX,2026-09-13,2026,1,REG,CLE,JAX,10,34,1,0.722222,0.294118,27.666667,16.411765,245,252,6,19,1594,1584
2026_01_DAL_NYG,2026-09-13,2026,1,REG,DAL,NYG,20,28,1,0.235294,0.411765,22.411765,27.705882,252,252,12,18,1716,1716
2026_01_GB_MIN,2026-09-13,2026,1,REG,GB,MIN,22,39,1,0.529412,0.5,20.235294,23.222222,252,246,13,12,1551,1935
2026_01_MIA_LV,2026-09-13,2026,1,REG,MIA,LV,13,27,1,0.176471,0.411765,14.176471,20.411765,252,252,6,11,1737,1562
2026_01_NO_DET,2026-09-13,2026,1,REG,NO,DET,30,31,1,0.529412,0.352941,28.294118,18,252,252,11,14,1628,1749
2026_01_NYJ_TEN,2026-09-13,2026,1,REG,NYJ,TEN,23,10,0,0.176471,0.176471,16.705882,17.647059,252,252,12,13,1551,1530
2026_01_TB_CIN,2026-09-13,2026,1,REG,TB,CIN,27,33,1,0.352941,0.470588,24.352941,22.352941,252,253,7,9,1584,1540
2026_01_WAS_PHI,2026-09-13,2026,1,REG,WAS,PHI,22,24,1,0.611111,0.294118,22.111111,20.941176,245,252,10,12,1726,1705
2026_01_DEN_KC,2026-09-14,2026,1,REG,DEN,KC,10,31,1,0.352941,0.789474,21.294118,23.210526,253,232,11,10,1738,1628
2026_02_DET_BUF,2026-09-17,2026,2,REG,DET,BUF,31,41,1,0.7,0.555556,28.7,28.444444,4,4,3,8,1849,2211
2026_02_CAR_ATL,2026-09-20,2026,2,REG,CAR,ATL,34,3,0,0.444444,0.421053,20.333333,19.947368,7,7,12,3,1727,1981
2026_02_CIN_HOU,2026-09-20,2026,2,REG,CIN,HOU,20,6,0,0.65,0.388889,24.05,24.833333,7,7,4,7,1847,1628
2026_02_CLE_TB,2026-09-20,2026,2,REG,CLE,TB,23,19,0,0.444444,0.277778,22.611111,16.055556,7,7,7,4,1628,1441
2026_02_GB_NYJ,2026-09-20,2026,2,REG,GB,NYJ,20,17,0,0.222222,0.473684,17.944444,23.157895,7,7,7,8,1584,1793
2026_02_IND_KC,2026-09-20,2026,2,REG,IND,KC,30,33,1,0.388889,0.444444,21.833333,27.166667,6,7,11,9,1628,1683
2026_02_JAX_DEN,2026-09-20,2026,2,REG,JAX,DEN,13,20,1,0.75,0.736842,22.55,28,6,7,1,4,1628,1441
2026_02_LV_LAC,2026-09-20,2026,2,REG,LV,LAC,26,14,0,0.578947,0.222222,20.263158,14.888889,7,7,6,2,1693,1650
2026_02_MIA_SF,2026-09-20,2026,2,REG,MIA,SF,13,35,1,0.7,0.388889,24.65,20,10,7,11,4,1607,1650
2026_02_MIN_CHI,2026-09-20,2026,2,REG,MIN,CHI,9,3,0,0.65,0.555556,27.4,21.277778,7,7,6,5,1980,1792
2026_02_NO_BAL,2026-09-20,2026,2,REG,NO,BAL,24,17,0,0.5,0.333333,25.833333,18.666667,7,7,5,5,1683,2211
2026_02_PHI_TEN,2026-09-20,2026,2,REG,PHI,TEN,24,20,0,0.166667,0.631579,16.333333,22.210526,7,7,2,2,1583,1640
2026_02_PIT_NE,2026-09-20,2026,2,REG,PIT,NE,3,20,1,0.772727,0.578947,25.772727,22.263158,11,7,3,1,1573,1701
2026_02_SEA_ARI,2026-09-20,2026,2,REG,SEA,ARI,31,7,0,0.222222,0.857143,21.166667,28.428571,7,11,7,8,1693,1573
2026_02_WAS_DAL,2026-09-20,2026,2,REG,WAS,DAL,20,37,1,0.388889,0.277778,27.277778,21,7,7,4,10,1605,1716
2026_02_NYG_LA,2026-09-21,2026,2,REG,NYG,LA,6,28,1,0.666667,0.277778,28.857143,22.722222,11,8,7,6,1606,1589
2026_03_ATL_GB,2026-09-24,2026,3,REG,ATL,GB,35,14,0,0.5,0.421053,23,19.421053,4,4,10,11,1781,1749
2026_03_ARI_SF,2026-09-27,2026,3,REG,ARI,SF,30,36,1,0.714286,0.210526,25.142857,20.421053,7,7,12,12,1496,1574
2026_03_BAL_DAL,2026-09-27,2026,3,REG,BAL,DAL,34,31,0,0.421053,0.473684,27.789474,25.368421,7,7,4,11,1683,1638
2026_03_CAR_CLE,2026-09-27,2026,3,REG,CAR,CLE,18,21,1,0.315789,0.45,16.421053,20.65,7,7,9,4,1683,1748
2026_03_CIN_PIT,2026-09-27,2026,3,REG,CIN,PIT,27,30,1,0.55,0.421053,21.3,24.578947,7,7,5,7,1649,1858
2026_03_HOU_IND,2026-09-27,2026,3,REG,HOU,IND,17,19,1,0.421053,0.619048,27.315789,23.190476,7,7,11,9,1956,1859
2026_03_KC_MIA,2026-09-27,2026,3,REG,KC,MIA,24,10,0,0.368421,0.421053,19.631579,22.421053,7,7,6,9,1496,1958
2026_03_LAC_BUF,2026-09-27,2026,3,REG,LAC,BUF,16,24,1,0.714286,0.55,29.285714,19.95,10,7,6,10,1847,1738
2026_03_LA_DEN,2026-09-27,2026,3,REG,LA,DEN,26,30,1,0.761905,0.681818,22.428571,28.818182,7,6,4,11,1584,1582
2026_03_LV_NO,2026-09-27,2026,3,REG,LV,NO,35,27,0,0.368421,0.263158,18.947368,15.473684,7,7,10,4,1638,1739
2026_03_MIN_TB,2026-09-27,2026,3,REG,MIN,TB,23,16,0,0.421053,0.578947,22.421053,20.631579,7,7,7,7,1683,1617
2026_03_NE_JAX,2026-09-27,2026,3,REG,NE,JAX,6,35,1,0.7,0.782609,27.25,25.521739,7,7,6,6,1584,1650
2026_03_NYJ_DET,2026-09-27,2026,3,REG,NYJ,DET,24,31,1,0.526316,0.210526,28.578947,17.894737,10,7,5,9,1848,1782
2026_03_SEA_WAS,2026-09-27,2026,3,REG,SEA,WAS,31,33,1,0.263158,0.863636,20.947368,28.545455,7,7,12,8,1681,1573
2026_03_TEN_NYG,2026-09-27,2026,3,REG,TEN,NYG,7,12,1,0.263158,0.157895,21.842105,16.526316,6,7,7,3,1583,1672
2026_03_PHI_CHI,2026-09-28,2026,3,REG,PHI,CHI,7,27,1,0.619048,0.65,26.238095,22.3,8,8,10,6,1617,1672
