game_id,date,season,week,game_type,away,home,home_win_rate,away_win_rate,home_ppg,away_ppg,home_rest_days,away_rest_days,home_prior_injuries,away_prior_injuries,home_prior_snaps,away_prior_snaps,predicted_home_win,predicted_away_points,predicted_home_points
2026_04_PIT_CLE,2026-10-01,2026,4,REG,PIT,CLE,0.35,0.571429,16.65,21.714286,4,4,7,8,1913,1617,0,23.586977,18.003925
2026_04_ARI_NYG,2026-10-04,2026,4,REG,ARI,NYG,0.3,0.2,21.35,20.9,7,7,12,9,1616,1903,1,20.993322,26.287456
2026_04_DAL_HOU,2026-10-04,2026,4,REG,DAL,HOU,0.590909,0.4,22.909091,27.95,7,7,11,5,1639,1848,1,23.70363,26.29342
2026_04_DEN_SF,2026-10-04,2026,4,REG,DEN,SF,0.727273,0.772727,25.636364,22.772727,7,7,8,4,1902,2013,1,22.146661,22.179355
2026_04_DET_CAR,2026-10-04,2026,4,REG,DET,CAR,0.428571,0.55,20.52381,28.7,7,7,9,8,1915,1694,0,26.082795,20.953142
2026_04_GB_TB,2026-10-04,2026,4,REG,GB,TB,0.4,0.47619,22.1,22.571429,7,10,7,12,1815,1782,0,22.372107,20.254544
2026_04_IND_WAS,2026-10-04,2026,4,REG,IND,WAS,0.3,0.45,21.55,26.9,7,7,16,10,1873,1639,0,25.817125,22.432012
2026_04_JAX_CIN,2026-10-04,2026,4,REG,JAX,CIN,0.4,0.714286,24.7,27.619048,7,7,4,8,1616,1622,0,24.206391,21.424988
2026_04_KC_LV,2026-10-04,2026,4,REG,KC,LV,0.3,0.45,16.45,22.5,7,7,10,12,1881,1573,0,23.653519,19.691167
2026_04_LAC_SEA,2026-10-04,2026,4,REG,LAC,SEA,0.826087,0.52381,28.652174,19.761905,7,7,10,15,1869,1737,1,19.516941,25.081705
2026_04_LA_PHI,2026-10-04,2026,4,REG,LA,PHI,0.619048,0.652174,21.571429,28.695652,6,7,11,10,1551,2013,1,22.672064,25.689234
2026_04_MIA_MIN,2026-10-04,2026,4,REG,MIA,MIN,0.6,0.35,20.75,19.15,7,7,10,10,1814,1572,0,20.898274,22.687362
2026_04_NE_BUF,2026-10-04,2026,4,REG,NE,BUF,0.727273,0.75,29.045455,24.708333,7,7,10,10,1737,1628,1,22.42022,23.472729
2026_04_NYJ_CHI,2026-10-04,2026,4,REG,NYJ,CHI,0.636364,0.2,26.272727,18.2,6,7,9,7,1551,1694,1,18.887494,26.602494
2026_04_TEN_BAL,2026-10-04,2026,4,REG,TEN,BAL,0.5,0.15,25.8,16.05,7,7,10,9,1848,1617,1,19.913667,24.271774
2026_04_ATL_NO,2026-10-05,2026,4,REG,ATL,NO,0.35,0.45,19.35,20.2,8,11,10,10,1881,1781,0,22.381049,19.098259
