name,team,position,games,attempts,completions,passing yards,passing touchdowns,interceptions,carries,rushing yards,rushing touchdowns,targets,receptions,receiving yards,receiving touchdowns,tackles,sacks,field goals,extra points,punts,punt yards,offense_snaps,defense_snaps,st_snaps
Andrew Wingard,ARI,DB,3,,,,,,,,,,,,,22,0,,,,,0,179,14
Budda Baker,ARI,DB,3,,,,,,,,,,,,,20,1.5,,,,,0,179,1
Denzel Burke,ARI,DB,3,,,,,,,,,,,,,7,0,,,,,0,156,8
Garrett Williams,ARI,DB,1,,,,,,,,,,,,,1,0,,,,,0,19,0
Kalen King,ARI,DB,1,,,,,,,,,,,,,1,0,,,,,0,10,29
Kei'Trel Clark,ARI,DB,2,,,,,,,,,,,,,2,0,,,,,0,20,29
Kitan Crawford,ARI,DB,1,,,,,,,,,,,,,3,0,,,,,0,7,14
Max Melton,ARI,DB,3,,,,,,,,,,,,,7,0,,,,,0,98,21
Will Johnson,ARI,DB,2,,,,,,,,,,,,,8,0,,,,,0,111,3
Wydett Williams Jr.,ARI,DB,2,,,,,,,,,,,,,2,0,,,,,,,
Dante Stills,ARI,DL,3,,,,,,,,,,,,,9,1,,,,,0,103,13
Darius Robinson,ARI,DL,3,,,,,,,,,,,,,8,0,,,,,0,66,13
L.J. Collier,ARI,DL,2,,,,,,,,,,,,,3,0,,,,,0,69,13
Roy Lopez,ARI,DL,2,,,,,,,,,,,,,8,0,,,,,0,110,0
Walter Nolen,ARI,DL,3,,,,,,,,,,,,,4,0,,,,,0,110,0
Chad Ryland,ARI,K,3,,,,,,,,,,,,,,,7,6,,,0,0,29
Baron Browning,ARI,LB,2,,,,,,,,,,,,,3,0,,,,,0,88,8
Cody Simon,ARI,LB,2,,,,,,,,,,,,,3,0,,,,,0,7,65
Eku Leota,ARI,LB,2,,,,,,,,,,,,,3,0,,,,,0,30,43
Jack Gibbens,ARI,LB,3,,,,,,,,,,,,,24,0.5,,,,,0,173,26
Jordan Burch,ARI,LB,2,,,,,,,,,,,,,7,1,,,,,0,79,50
Josh Sweat,ARI,LB,3,,,,,,,,,,,,,2,0,,,,,0,87,0
Karson Sharar,ARI,LB,3,,,,,,,,,,,,,4,0,,,,,0,0,65
Mack Wilson,ARI,LB,3,,,,,,,,,,,,,21,0,,,,,0,172,0
Zaven Collins,ARI,LB,3,,,,,,,,,,,,,11,0,,,,,0,78,26
Elijah Wilkinson,ARI,OL,2,,,,,,,,,,,,,,,,,,,212,0,14
Hjalte Froholdt,ARI,OL,1,,,,,,,,,,,,,,,,,,,212,0,0
Isaiah Adams,ARI,OL,1,,,,,,,,,,,,,,,,,,,137,0,7
Paris Johnson Jr.,ARI,OL,2,,,,,,,,,,,,,,,,,,,,,
Blake Gillikin,ARI,P,3,,,,,,,,,,,,,,,,,14,648,0,0,28
Jacoby Brissett,ARI,QB,3,117,82,652,4,1,11,25,1,,,,,,,,,,,212,0,0
Bam Knight,ARI,RB,1,,,,,,2,24,0,0,0,0,0,,,,,,,,,
Jeremiyah Love,ARI,RB,3,,,,,,41,160,1,12,10,44,1,,,,,,,108,0,0
Tyler Allgeier,ARI,RB,3,,,,,,24,70,0,8,8,28,0,,,,,,,107,0,0
Elijah Higgins,ARI,TE,2,,,,,,0,0,0,3,3,20,0,,,,,,,68,0,38
Hunter Long,ARI,TE,3,,,,,,0,0,0,1,1,5,0,,,,,,,71,0,43
Trey McBride,ARI,TE,3,,,,,,0,0,0,34,26,211,2,,,,,,,183,0,0
Devin Duvernay,ARI,WR,3,,,,,,0,0,0,0,0,0,0,,,,,,,0,0,23
Jalen Brooks,ARI,WR,2,,,,,,0,0,0,1,0,0,0,,,,,,,10,0,28
Kendrick Bourne,ARI,WR,3,,,,,,0,0,0,14,12,108,0,,,,,,,128,0,0
Marvin Harrison Jr.,ARI,WR,3,,,,,,0,0,0,9,4,73,0,,,,,,,163,0,0
Michael Wilson,ARI,WR,3,,,,,,0,0,0,31,18,163,1,,,,,,,192,1,0
Simi Fehoko,ARI,WR,2,,,,,,0,0,0,0,0,0,0,,,,,,,12,0,52
A.J. Terrell,ATL,DB,2,,,,,,,,,,,,,6,0,,,,,,,
Avieon Terrell,ATL,DB,3,,,,,,,,,,,,,3,0,,,,,0,62,4
Billy Bowman Jr.,ATL,DB,1,,,,,,,,,,,,,1,0,,,,,,,
C.J. Henderson,ATL,DB,3,,,,,,,,,,,,,13,0,,,,,0,128,20
DeMarcco Hellams,ATL,DB,1,,,,,,,,,,,,,1,0,,,,,0,5,67
Jessie Bates,ATL,DB,3,,,,,,,,,,,,,16,0,,,,,,,
Mike Ford,ATL,DB,1,,,,,,,,,,,,,2,0,,,,,0,0,57
Mike Hughes,ATL,DB,3,,,,,,,,,,,,,14,0,,,,,0,189,0
Sydney Brown,ATL,DB,3,,,,,,,,,,,,,11,0,,,,,0,65,50
Xavier Watts,ATL,DB,3,,,,,,,,,,,,,16,0,,,,,0,196,14
Brandon Dorlus,ATL,DL,3,,,,,,,,,,,,,4,0,,,,,0,109,6
Cameron Thomas,ATL,DL,3,,,,,,,,,,,,,7,1.5,,,,,0,118,0
Gervon Dexter Sr.,ATL,DL,3,,,,,,,,,,,,,7,0.5,,,,,,,
LaCale London,ATL,DL,3,,,,,,,,,,,,,9,0,,,,,0,79,17
Maason Smith,ATL,DL,3,,,,,,,,,,,,,3,0,,,,,0,109,17
Samson Ebukam,ATL,DL,2,,,,,,,,,,,,,3,0.5,,,,,0,57,0
Za'Darius Smith,ATL,DL,3,,,,,,,,,,,,,5,2.5,,,,,0,77,0
Zach Harrison,ATL,DL,2,,,,,,,,,,,,,2,0,,,,,0,44,11
Nick Folk,ATL,K,3,,,,,,,,,,,,,,,5,4,,,0,0,24
Bralen Trice,ATL,LB,2,,,,,,,,,,,,,1,0,,,,,0,35,5
Christian Harris,ATL,LB,2,,,,,,,,,,,,,2,0,,,,,0,4,27
Divine Deablo,ATL,LB,3,,,,,,,,,,,,,11,0,,,,,0,187,23
Harold Perkins Jr.,ATL,LB,3,,,,,,,,,,,,,6,0,,,,,,,
Jared Ivey,ATL,LB,1,,,,,,,,,,,,,2,0,,,,,0,50,0
Josh Woods,ATL,LB,3,,,,,,,,,,,,,3,0,,,,,0,7,67
Kendal Daniels,ATL,LB,3,,,,,,,,,,,,,9,0,,,,,0,111,32
Yasir Abdullah,ATL,LB,1,,,,,,,,,,,,,2,0,,,,,0,47,49
Chris Lindstrom,ATL,OL,1,,,,,,,,,,,,,,,,,,,181,0,4
Jake Matthews,ATL,OL,2,,,,,,,,,,,,,,,,,,,200,0,12
Jawaan Taylor,ATL,OL,1,,,,,,,,,,,,,,,,,,,174,0,1
Matthew Bergeron,ATL,OL,1,,,,,,,,,,,,,,,,,,,200,0,12
Michael Jerrell,ATL,OL,1,,,,,,,,,,,,,,,,,,,29,0,11
Ryan Neuzil,ATL,OL,1,,,,,,,,,,,,,,,,,,,200,0,8
Jake Bailey,ATL,P,3,,,,,,,,,,,,,,,,,11,531,0,0,24
Cooper Rush,ATL,QB,2,39,22,229,1,4,2,20,0,,,,,,,,,,,100,0,0
Jack Strand,ATL,QB,1,15,8,59,0,1,2,16,0,,,,,,,,,,,29,0,0
Michael Penix Jr.,ATL,QB,1,25,18,256,1,1,2,-2,0,,,,,,,,,,,,,
Bijan Robinson,ATL,RB,3,,,,,,66,349,2,16,13,118,1,,,,,,,132,0,0
Brian Robinson,ATL,RB,3,,,,,,30,132,1,2,2,16,0,,,,,,,,,
Austin Hooper,ATL,TE,2,,,,,,0,0,0,6,4,31,1,,,,,,,60,0,15
Charlie Woerner,ATL,TE,1,,,,,,0,0,0,1,0,0,0,,,,,,,114,0,38
Kyle Pitts,ATL,TE,3,,,,,,0,0,0,6,2,20,0,,,,,,,106,0,0
Nick Muse,ATL,TE,2,,,,,,0,0,0,0,0,0,0,,,,,,,36,0,62
Chris Blair,ATL,WR,3,,,,,,0,0,0,3,1,6,0,,,,,,,57,0,39
Drake London,ATL,WR,3,,,,,,2,4,0,19,15,274,0,,,,,,,168,0,0
Jahan Dotson,ATL,WR,3,,,,,,0,0,0,10,4,41,0,,,,,,,137,0,0
Olamide Zaccheaus,ATL,WR,3,,,,,,0,0,0,6,4,17,0,,,,,,,72,0,15
Zachariah Branch,ATL,WR,3,,,,,,0,0,0,4,3,21,0,,,,,,,45,0,22
Chandler Rivers,BAL,DB,2,,,,,,,,,,,,,4,0,,,,,0,56,25
Chidobe Awuzie,BAL,DB,1,,,,,,,,,,,,,1,0,,,,,0,22,8
Jaylinn Hawkins,BAL,DB,3,,,,,,,,,,,,,15,0,,,,,0,177,12
Keondre Jackson,BAL,DB,2,,,,,,,,,,,,,3,0,,,,,0,1,66
Keyon Martin,BAL,DB,1,,,,,,,,,,,,,2,0,,,,,0,24,41
Kyle Hamilton,BAL,DB,3,,,,,,,,,,,,,25,0,,,,,0,188,0
Malaki Starks,BAL,DB,3,,,,,,,,,,,,,17,1,,,,,0,195,40
Marlon Humphrey,BAL,DB,3,,,,,,,,,,,,,14,0,,,,,0,179,0
Nate Wiggins,BAL,DB,3,,,,,,,,,,,,,14,0,,,,,0,190,0
T.J. Tampa,BAL,DB,1,,,,,,,,,,,,,1,0,,,,,0,0,5
Aeneas Peebles,BAL,DL,1,,,,,,,,,,,,,0,0,,,,,0,18,0
Broderick Washington,BAL,DL,2,,,,,,,,,,,,,4,0,,,,,,,
Calais Campbell,BAL,DL,3,,,,,,,,,,,,,6,0,,,,,0,101,31
John Jenkins,BAL,DL,2,,,,,,,,,,,,,3,0,,,,,0,46,0
Nnamdi Madubuike,BAL,DL,1,,,,,,,,,,,,,3,0,,,,,0,47,0
Travis Jones,BAL,DL,3,,,,,,,,,,,,,8,0,,,,,0,111,30
Tyler Loop,BAL,K,3,,,,,,,,,,,,,,,5,11,,,0,0,34
Carl Jones,BAL,LB,1,,,,,,,,,,,,,2,0,,,,,0,0,33
Ethan Burke,BAL,LB,2,,,,,,,,,,,,,1,0,,,,,0,0,58
Jay Higgins,BAL,LB,3,,,,,,,,,,,,,3,0,,,,,0,0,67
Mike Green,BAL,LB,2,,,,,,,,,,,,,5,1,,,,,0,71,7
Roquan Smith,BAL,LB,3,,,,,,,,,,,,,28,1,,,,,0,196,0
Tavius Robinson,BAL,LB,3,,,,,,,,,,,,,7,2,,,,,0,155,51
Trenton Simpson,BAL,LB,3,,,,,,,,,,,,,16,0,,,,,0,120,33
Trey Hendrickson,BAL,LB,3,,,,,,,,,,,,,4,1,,,,,0,121,0
Zion Young,BAL,LB,2,,,,,,,,,,,,,6,0,,,,,0,61,17
Nick Moore,BAL,LS,1,,,,,,,,,,,,,,,,,,,0,0,26
Carson Vinson,BAL,OL,1,,,,,,,,,,,,,,,,,,,84,0,17
John Simpson,BAL,OL,1,,,,,,,,,,,,,,,,,,,190,0,11
Jovaughn Gwyn,BAL,OL,2,,,,,,,,,,,,,,,,,,,172,0,0
Olaivavega Ioane,BAL,OL,1,,,,,,,,,,,,,,,,,,,190,0,17
Roger Rosengarten,BAL,OL,1,,,,,,,,,,,,,,,,,,,190,0,17
Ronnie Stanley,BAL,OL,1,,,,,,,,,,,,,,,,,,,114,0,0
Ryan Eckley,BAL,P,3,,,,,,,,,,,,,,,,,9,413,0,0,26
Lamar Jackson,BAL,QB,3,76,53,745,4,1,17,124,1,,,,,,,,,,,190,0,0
Derrick Henry,BAL,RB,3,,,,,,66,301,6,5,5,38,0,,,,,,,111,0,0
Justice Hill,BAL,RB,3,,,,,,13,57,0,3,3,22,0,,,,,,,79,0,9
Rasheen Ali,BAL,RB,3,,,,,,0,0,0,0,0,0,0,,,,,,,0,0,42
Durham Smythe,BAL,TE,2,,,,,,0,0,0,2,1,4,0,,,,,,,108,0,25
Josh Cuevas,BAL,TE,1,,,,,,0,0,0,1,1,14,0,,,,,,,27,0,16
Mark Andrews,BAL,TE,3,,,,,,0,0,0,18,13,122,0,,,,,,,123,0,0
Matthew Hibner,BAL,TE,2,,,,,,0,0,0,3,3,36,1,,,,,,,74,0,24
Chris Moore,BAL,WR,3,,,,,,0,0,0,6,3,63,1,,,,,,,90,0,25
Devontez Walker,BAL,WR,2,,,,,,0,0,0,3,1,47,0,,,,,,,34,0,22
Ja'Kobi Lane,BAL,WR,1,,,,,,0,0,0,3,1,11,0,,,,,,,27,0,0
LaJohntay Wester,BAL,WR,3,,,,,,0,0,0,4,3,29,0,,,,,,,62,0,26
Rashod Bateman,BAL,WR,3,,,,,,0,0,0,13,9,125,1,,,,,,,163,0,0
Zay Flowers,BAL,WR,2,,,,,,1,20,0,12,10,234,1,,,,,,,41,0,0
C.J. Gardner-Johnson,BUF,DB,3,,,,,,,,,,,,,14,0,,,,,0,212,0
Christian Benford,BUF,DB,3,,,,,,,,,,,,,16,0,,,,,0,195,0
Cole Bishop,BUF,DB,3,,,,,,,,,,,,,18,0,,,,,0,206,7
Damar Hamlin,BUF,DB,3,,,,,,,,,,,,,6,0,,,,,0,56,43
Davison Igbinosun,BUF,DB,3,,,,,,,,,,,,,13,0,,,,,0,57,35
Dee Alford,BUF,DB,3,,,,,,,,,,,,,11,0,,,,,0,36,8
Jordan Hancock,BUF,DB,2,,,,,,,,,,,,,6,0,,,,,0,13,42
Maxwell Hairston,BUF,DB,3,,,,,,,,,,,,,6,0,,,,,0,171,22
Sam Franklin Jr.,BUF,DB,3,,,,,,,,,,,,,3,0,,,,,,,
Te'Cory Couch,BUF,DB,1,,,,,,,,,,,,,1,0,,,,,0,0,13
DeWayne Carter,BUF,DL,3,,,,,,,,,,,,,6,0,,,,,0,82,9
Deone Walker,BUF,DL,3,,,,,,,,,,,,,10,1,,,,,0,143,24
Ed Oliver,BUF,DL,2,,,,,,,,,,,,,6,0,,,,,0,93,0
Greg Gaines,BUF,DL,3,,,,,,,,,,,,,5,0,,,,,0,55,14
Landon Jackson,BUF,DL,3,,,,,,,,,,,,,7,0,,,,,0,83,30
Tyler Bass,BUF,K,3,,,,,,,,,,,,,,,4,11,,,0,0,36
Bradley Chubb,BUF,LB,3,,,,,,,,,,,,,11,1.5,,,,,0,161,0
Dorian Williams,BUF,LB,3,,,,,,,,,,,,,23,0,,,,,0,142,23
Greg Rousseau,BUF,LB,3,,,,,,,,,,,,,15,6,,,,,,,
Javon Solomon,BUF,LB,2,,,,,,,,,,,,,4,0,,,,,0,29,42
Joe Andreessen,BUF,LB,2,,,,,,,,,,,,,5,0,,,,,0,0,62
Kaleb Elarms-Orr,BUF,LB,3,,,,,,,,,,,,,6,0,,,,,0,29,44
Michael Danna,BUF,LB,1,,,,,,,,,,,,,0,0,,,,,0,8,1
Michael Hoecht,BUF,LB,2,,,,,,,,,,,,,6,0.5,,,,,0,75,53
TJ Parker,BUF,LB,2,,,,,,,,,,,,,3,0,,,,,,,
Terrel Bernard,BUF,LB,3,,,,,,,,,,,,,21,0,,,,,0,208,6
Alec Anderson,BUF,OL,2,,,,,,,,,,,,,,,,,,,198,0,16
Dion Dawkins,BUF,OL,1,,,,,,,,,,,,,,,,,,,198,0,16
O'Cyrus Torrence,BUF,OL,1,,,,,,,,,,,,,,,,,,,198,0,16
Spencer Brown,BUF,OL,2,,,,,,,,,,,,,,,,,,,198,0,16
Tommy Doman Jr.,BUF,P,3,,,,,,,,,,,,,,,,,5,243,,,
Josh Allen,BUF,QB,3,86,56,786,5,2,28,114,6,,,,,,,,,,,198,0,0
Frank Gore Jr.,BUF,RB,1,,,,,,1,3,0,0,0,0,0,,,,,,,20,0,8
James Cook,BUF,RB,3,,,,,,58,346,2,8,4,16,0,,,,,,,141,0,0
Ray Davis,BUF,RB,2,,,,,,1,3,0,0,0,0,0,,,,,,,20,0,16
Ty Johnson,BUF,RB,1,,,,,,0,0,0,4,4,50,0,,,,,,,15,0,1
Dalton Kincaid,BUF,TE,3,,,,,,0,0,0,17,14,263,1,,,,,,,135,0,0
Dawson Knox,BUF,TE,3,,,,,,1,0,0,4,4,17,1,,,,,,,141,0,2
Jackson Hawes,BUF,TE,1,,,,,,0,0,0,1,0,0,0,,,,,,,87,0,21
Keleki Latu,BUF,TE,2,,,,,,0,0,0,0,0,0,0,,,,,,,13,0,50
DJ Moore,BUF,WR,3,,,,,,1,-1,0,18,11,167,1,,,,,,,,,
Greg Dortch,BUF,WR,3,,,,,,0,0,0,0,0,0,0,,,,,,,9,0,25
Josh Palmer,BUF,WR,2,,,,,,0,0,0,5,2,77,2,,,,,,,67,0,0
Keon Coleman,BUF,WR,3,,,,,,0,0,0,9,8,101,0,,,,,,,116,0,2
Khalil Shakir,BUF,WR,3,,,,,,0,0,0,15,8,94,0,,,,,,,115,0,2
Akayleb Evans,CAR,DB,2,,,,,,,,,,,,,7,0,,,,,0,46,48
Chau Smith-Wade,CAR,DB,2,,,,,,,,,,,,,2,0,,,,,0,19,31
Isaiah Simmons,CAR,DB,2,,,,,,,,,,,,,1,0,,,,,0,5,72
Jaycee Horn,CAR,DB,3,,,,,,,,,,,,,6,0,,,,,0,188,0
Lathan Ransom,CAR,DB,3,,,,,,,,,,,,,15,0,,,,,0,138,43
Mike Jackson,CAR,DB,3,,,,,,,,,,,,,6,0,,,,,,,
Nick Scott,CAR,DB,2,,,,,,,,,,,,,8,0,,,,,0,77,0
Tre'von Moehrig,CAR,DB,3,,,,,,,,,,,,,12,0,,,,,0,204,0
Will Lee III,CAR,DB,3,,,,,,,,,,,,,13,0,,,,,,,
Zakee Wheatley,CAR,DB,2,,,,,,,,,,,,,10,0,,,,,0,81,19
Aaron Hall,CAR,DL,3,,,,,,,,,,,,,8,0,,,,,0,94,17
Bobby Brown III,CAR,DL,2,,,,,,,,,,,,,3,0,,,,,,,
Cam Jackson,CAR,DL,1,,,,,,,,,,,,,2,0,,,,,0,37,2
Derrick Brown,CAR,DL,3,,,,,,,,,,,,,10,0,,,,,0,139,15
Lee Hunter,CAR,DL,2,,,,,,,,,,,,,10,0,,,,,0,84,9
TeRah Edwards,CAR,DL,3,,,,,,,,,,,,,7,0,,,,,0,78,18
Ryan Fitzgerald,CAR,K,3,,,,,,,,,,,,,,,7,8,,,1,0,36
Bobby Okereke,CAR,LB,3,,,,,,,,,,,,,19,0,,,,,0,186,3
Claudin Cherelus,CAR,LB,1,,,,,,,,,,,,,1,0,,,,,0,1,36
Devin Lloyd,CAR,LB,2,,,,,,,,,,,,,21,1,,,,,0,123,0
Jackson Kuwatch,CAR,LB,1,,,,,,,,,,,,,1,0,,,,,0,18,63
Jaelan Phillips,CAR,LB,3,,,,,,,,,,,,,7,2,,,,,0,156,0
Jeremiah Moon,CAR,LB,2,,,,,,,,,,,,,7,0,,,,,0,41,19
Maema Njongmeta,CAR,LB,1,,,,,,,,,,,,,3,0,,,,,0,0,19
Patrick Jones II,CAR,LB,1,,,,,,,,,,,,,3,0,,,,,0,42,0
Princely Umanmielen,CAR,LB,3,,,,,,,,,,,,,8,2,,,,,0,93,12
Thomas Incoom,CAR,LB,3,,,,,,,,,,,,,5,0,,,,,0,26,72
Trevis Gipson,CAR,LB,3,,,,,,,,,,,,,4,1,,,,,0,94,19
Tyrel Dodson,CAR,LB,1,,,,,,,,,,,,,6,0,,,,,0,38,0
Luke Fortner,CAR,OL,1,,,,,,,,,,,,,,,,,,,200,0,0
Monroe Freeling,CAR,OL,2,,,,,,,,,,,,,,,,,,,204,0,16
Rasheed Walker,CAR,OL,3,,,,,,,,,,,,,,,,,,,207,0,16
Robert Hunt,CAR,OL,2,,,,,,,,,,,,,,,,,,,203,0,16
Sam Martin,CAR,P,3,,,,,,,,,,,,,,,,,10,479,0,0,27
Bryce Young,CAR,QB,3,121,72,939,7,2,3,16,1,,,,,,,,,,,200,0,0
Kenny Pickett,CAR,QB,2,1,0,0,0,0,2,20,0,,,,,,,,,,,11,0,0
AJ Dillon,CAR,RB,3,,,,,,12,41,0,1,1,-2,0,,,,,,,23,0,3
Anthony Tyus III,CAR,RB,1,,,,,,0,0,0,0,0,0,0,,,,,,,,,
Chuba Hubbard,CAR,RB,3,,,,,,41,184,1,9,9,77,2,,,,,,,156,0,0
Jonathon Brooks,CAR,RB,2,,,,,,9,30,0,3,2,43,0,,,,,,,33,0,0
Darren Waller,CAR,TE,3,,,,,,0,0,0,13,10,112,2,,,,,,,92,0,0
Feleipe Franks,CAR,TE,3,,,,,,0,0,0,0,0,0,0,,,,,,,9,0,57
Mitchell Evans,CAR,TE,3,,,,,,0,0,0,6,5,58,0,,,,,,,86,0,34
Tommy Tremble,CAR,TE,3,,,,,,0,0,0,11,7,70,0,,,,,,,112,0,25
Brycen Tremayne,CAR,WR,3,,,,,,0,0,0,6,4,83,0,,,,,,,85,0,46
David Moore,CAR,WR,1,,,,,,0,0,0,2,0,0,0,,,,,,,5,0,13
Jalen Coker,CAR,WR,3,,,,,,0,0,0,22,18,222,2,,,,,,,135,0,3
Jimmy Horn Jr.,CAR,WR,1,,,,,,0,0,0,1,0,0,0,,,,,,,,,
John Metchie III,CAR,WR,2,,,,,,0,0,0,5,2,19,1,,,,,,,,,
Tetairoa McMillan,CAR,WR,3,,,,,,0,0,0,23,12,193,0,,,,,,,182,0,0
Xavier Legette,CAR,WR,2,,,,,,0,0,0,6,2,64,0,,,,,,,69,0,12
Cam Lewis,CHI,DB,3,,,,,,,,,,,,,14,0,,,,,,,
Dillon Thieneman,CHI,DB,3,,,,,,,,,,,,,23,0,,,,,0,170,29
Elijah Hicks,CHI,DB,3,,,,,,,,,,,,,6,0,,,,,0,20,59
Jaylon Johnson,CHI,DB,3,,,,,,,,,,,,,12,0,,,,,0,167,0
Josh Blackwell,CHI,DB,1,,,,,,,,,,,,,1,0,,,,,0,0,59
Malik Muhammad,CHI,DB,3,,,,,,,,,,,,,11,1,,,,,0,134,11
Skyler Thomas,CHI,DB,2,,,,,,,,,,,,,2,0,,,,,0,3,46
Tyrique Stevenson,CHI,DB,2,,,,,,,,,,,,,13,0,,,,,0,103,5
Xavier Woods,CHI,DB,2,,,,,,,,,,,,,7,0,,,,,0,49,0
Austin Booker,CHI,DL,3,,,,,,,,,,,,,7,1,,,,,0,89,5
Daniel Hardy,CHI,DL,1,,,,,,,,,,,,,1,0,,,,,0,7,59
Dayo Odeyingbo,CHI,DL,3,,,,,,,,,,,,,5,2,,,,,0,106,10
Grady Jarrett,CHI,DL,3,,,,,,,,,,,,,6,0,,,,,0,121,1
James Lynch,CHI,DL,3,,,,,,,,,,,,,11,0,,,,,0,68,4
Jordan van den Berg,CHI,DL,1,,,,,,,,,,,,,1,0,,,,,0,41,13
Kentavius Street,CHI,DL,2,,,,,,,,,,,,,4,1,,,,,0,75,14
Montez Sweat,CHI,DL,3,,,,,,,,,,,,,6,2,,,,,0,117,1
Neville Gallimore,CHI,DL,3,,,,,,,,,,,,,4,0,,,,,0,60,10
Cairo Santos,CHI,K,3,,,,,,,,,,,,,,,4,11,,,0,0,34
D'Marco Jackson,CHI,LB,3,,,,,,,,,,,,,7,0,,,,,0,65,27
Devin Bush,CHI,LB,3,,,,,,,,,,,,,15,0,,,,,,,
Jack Sanborn,CHI,LB,1,,,,,,,,,,,,,2,0,,,,,0,0,60
T.J. Edwards,CHI,LB,3,,,,,,,,,,,,,7,0,,,,,0,170,2
Beau Gardner,CHI,LS,1,,,,,,,,,,,,,,,,,,,0,0,17
Braxton Jones,CHI,OL,1,,,,,,,,,,,,,,,,,,,144,0,13
Garrett Bradbury,CHI,OL,2,,,,,,,,,,,,,,,,,,,221,0,3
Jonah Jackson,CHI,OL,1,,,,,,,,,,,,,,,,,,,221,0,16
Tory Taylor,CHI,P,3,,,,,,,,,,,,,,,,,8,402,0,0,24
Caleb Williams,CHI,QB,2,55,36,407,2,1,15,107,2,,,,,,,,,,,139,0,0
Case Keenum,CHI,QB,1,34,24,247,2,0,4,6,1,,,,,,,,,,,72,0,0
Tyson Bagent,CHI,QB,1,9,5,54,0,0,0,0,0,,,,,,,,,,,10,0,0
D'Andre Swift,CHI,RB,3,,,,,,54,253,3,9,8,68,0,,,,,,,143,0,0
Kyle Monangai,CHI,RB,3,,,,,,30,178,1,4,4,35,0,,,,,,,79,0,0
Roschon Johnson,CHI,RB,1,,,,,,0,0,0,0,0,0,0,,,,,,,1,0,47
Cole Kmet,CHI,TE,3,,,,,,0,0,0,5,2,35,1,,,,,,,137,0,17
Colston Loveland,CHI,TE,3,,,,,,0,0,0,9,5,34,0,,,,,,,186,0,1
Sam Roush,CHI,TE,2,,,,,,0,0,0,4,2,25,0,,,,,,,48,0,40
Jahdae Walker,CHI,WR,1,,,,,,0,0,0,1,1,1,1,,,,,,,45,0,42
Kaden Davis,CHI,WR,1,,,,,,0,0,0,0,0,0,0,,,,,,,10,0,4
Kalif Raymond,CHI,WR,3,,,,,,0,0,0,21,19,214,1,,,,,,,145,0,14
Luther Burden III,CHI,WR,3,,,,,,2,9,0,23,15,156,1,,,,,,,,,
Rome Odunze,CHI,WR,3,,,,,,0,0,0,13,8,139,0,,,,,,,159,0,1
Zavion Thomas,CHI,WR,2,,,,,,0,0,0,1,1,1,0,,,,,,,10,0,11
Bryan Cook,CIN,DB,3,,,,,,,,,,,,,12,0,,,,,0,158,0
D.J. Ivey,CIN,DB,2,,,,,,,,,,,,,3,0,,,,,,,
DJ Turner II,CIN,DB,3,,,,,,,,,,,,,9,0,,,,,,,
Daxton Hill,CIN,DB,3,,,,,,,,,,,,,21,0,,,,,0,198,15
Jalen Davis,CIN,DB,3,,,,,,,,,,,,,10,0,,,,,0,123,0
Jordan Battle,CIN,DB,3,,,,,,,,,,,,,21,0,,,,,0,198,33
Kyle Dugger,CIN,DB,3,,,,,,,,,,,,,10,0,,,,,0,41,49
PJ Jules,CIN,DB,2,,,,,,,,,,,,,3,0,,,,,0,0,68
Tacario Davis,CIN,DB,3,,,,,,,,,,,,,8,0,,,,,0,43,27
B.J. Hill,CIN,DL,1,,,,,,,,,,,,,0,0,,,,,0,24,0
Boye Mafe,CIN,DL,3,,,,,,,,,,,,,4,1,,,,,0,140,0
Cashius Howell,CIN,DL,2,,,,,,,,,,,,,3,0,,,,,0,91,0
Cedric Johnson,CIN,DL,3,,,,,,,,,,,,,7,2,,,,,0,54,60
Dexter Lawrence,CIN,DL,3,,,,,,,,,,,,,7,2,,,,,0,135,15
Jonathan Allen,CIN,DL,3,,,,,,,,,,,,,6,2,,,,,0,131,0
Kris Jenkins,CIN,DL,3,,,,,,,,,,,,,3,1,,,,,0,54,15
Myles Murphy,CIN,DL,3,,,,,,,,,,,,,3,0.5,,,,,0,124,15
Shemar Stewart,CIN,DL,1,,,,,,,,,,,,,2,1,,,,,0,5,0
Tedarrell Slaton,CIN,DL,3,,,,,,,,,,,,,5,0,,,,,0,70,15
Evan McPherson,CIN,K,3,,,,,,,,,,,,,,,8,8,,,0,0,35
Barrett Carter,CIN,LB,3,,,,,,,,,,,,,19,0.5,,,,,0,199,15
Demetrius Knight Jr.,CIN,LB,3,,,,,,,,,,,,,28,0,,,,,,,
Joe Giles-Harris,CIN,LB,3,,,,,,,,,,,,,3,0,,,,,0,0,51
Oren Burks,CIN,LB,3,,,,,,,,,,,,,4,0,,,,,0,6,68
Swayze Bozeman,CIN,LB,2,,,,,,,,,,,,,3,0,,,,,0,0,53
Amarius Mims,CIN,OL,1,,,,,,,,,,,,,,,,,,,178,0,16
Dalton Risner,CIN,OL,1,,,,,,,,,,,,,,,,,,,181,0,16
Dylan Fairchild,CIN,OL,1,,,,,,,,,,,,,,,,,,,181,0,16
Orlando Brown,CIN,OL,1,,,,,,,,,,,,,,,,,,,,,
Ted Karras,CIN,OL,2,,,,,,,,,,,,,,,,,,,181,0,16
Ryan Rehkow,CIN,P,3,,,,,,,,,,,,,,,,,11,480,0,0,27
Joe Burrow,CIN,QB,3,103,73,743,6,1,8,32,0,,,,,,,,,,,181,0,0
Chase Brown,CIN,RB,3,,,,,,49,197,1,13,10,32,0,,,,,,,128,0,0
Samaje Perine,CIN,RB,3,,,,,,10,35,0,7,5,51,0,,,,,,,60,0,36
Tahj Brooks,CIN,RB,2,,,,,,0,0,0,0,0,0,0,,,,,,,3,0,13
Drew Sample,CIN,TE,2,,,,,,0,0,0,5,4,19,0,,,,,,,107,0,35
Erick All,CIN,TE,1,,,,,,0,0,0,3,2,5,0,,,,,,,57,0,9
Mike Gesicki,CIN,TE,2,,,,,,0,0,0,10,8,115,2,,,,,,,71,0,0
Tanner Hudson,CIN,TE,2,,,,,,0,0,0,3,3,17,0,,,,,,,19,0,27
Andrei Iosivas,CIN,WR,2,,,,,,0,0,0,4,3,19,0,,,,,,,71,0,2
Colbie Young,CIN,WR,2,,,,,,0,0,0,2,2,9,0,,,,,,,20,0,22
Dohnte Meyers,CIN,WR,3,,,,,,1,10,0,7,4,47,0,,,,,,,53,0,14
Ja'Marr Chase,CIN,WR,3,,,,,,0,0,0,25,18,185,3,,,,,,,170,0,0
Ke'Shawn Williams,CIN,WR,1,,,,,,0,0,0,0,0,0,0,,,,,,,0,0,9
Tee Higgins,CIN,WR,3,,,,,,0,0,0,23,14,244,1,,,,,,,142,0,0
Daniel Thomas,CLE,DB,1,,,,,,,,,,,,,1,0,,,,,0,0,20
Denzel Ward,CLE,DB,3,,,,,,,,,,,,,13,0,,,,,0,198,15
Donovan McMillon,CLE,DB,2,,,,,,,,,,,,,3,0,,,,,0,0,55
Emmanuel McNeil-Warren,CLE,DB,3,,,,,,,,,,,,,11,0,,,,,0,44,44
Grant Delpit,CLE,DB,3,,,,,,,,,,,,,12,1,,,,,0,199,15
Mekhi Blackmon,CLE,DB,2,,,,,,,,,,,,,10,0,,,,,0,92,12
Myles Harden,CLE,DB,3,,,,,,,,,,,,,10,0,,,,,0,141,19
Noah Igbinoghene,CLE,DB,1,,,,,,,,,,,,,2,0,,,,,0,10,8
Ronnie Hickman Jr.,CLE,DB,3,,,,,,,,,,,,,19,1,,,,,,,
Toriano Pride Jr.,CLE,DB,1,,,,,,,,,,,,,0,0,,,,,,,
Tyson Campbell,CLE,DB,2,,,,,,,,,,,,,11,0,,,,,0,106,9
Adin Huntington,CLE,DL,3,,,,,,,,,,,,,5,0,,,,,0,68,36
Derek Barnett,CLE,DL,2,,,,,,,,,,,,,2,0,,,,,0,66,15
Isaiah McGuire,CLE,DL,3,,,,,,,,,,,,,8,1,,,,,0,120,0
Jared Verse,CLE,DL,3,,,,,,,,,,,,,8,0,,,,,0,131,15
Maliek Collins,CLE,DL,3,,,,,,,,,,,,,5,0,,,,,0,116,0
Mason Graham,CLE,DL,3,,,,,,,,,,,,,14,4,,,,,0,131,11
Mike Hall Jr.,CLE,DL,1,,,,,,,,,,,,,3,0,,,,,,,
Sam Williams,CLE,DL,3,,,,,,,,,,,,,9,0,,,,,0,71,22
Andre Szmyt,CLE,K,3,,,,,,,,,,,,,,,6,4,,,0,0,24
Carson Schwesinger,CLE,LB,3,,,,,,,,,,,,,25,0,,,,,0,199,16
Easton Mascarenas-Arnold,CLE,LB,2,,,,,,,,,,,,,6,0,,,,,0,19,55
Nathaniel Watson,CLE,LB,2,,,,,,,,,,,,,1,0,,,,,0,0,35
Quincy Williams,CLE,LB,3,,,,,,,,,,,,,18,0,,,,,0,188,0
Winston Reid,CLE,LB,1,,,,,,,,,,,,,1,0,,,,,0,1,70
Rex Sunahara,CLE,LS,1,,,,,,,,,,,,,,,,,,,0,0,22
Austin Barber,CLE,OL,2,,,,,,,,,,,,,,,,,,,179,0,10
Elgton Jenkins,CLE,OL,1,,,,,,,,,,,,,,,,,,,179,0,0
Spencer Fano,CLE,OL,1,,,,,,,,,,,,,,,,,,,179,0,10
Tytus Howard,CLE,OL,3,,,,,,,,,,,,,,,,,,,177,0,10
Zion Johnson,CLE,OL,1,,,,,,,,,,,,,,,,,,,178,0,10
Corey Bojorquez,CLE,P,3,,,,,,,,,,,,,,,,,12,571,0,0,22
Deshaun Watson,CLE,QB,3,82,56,587,5,1,24,105,0,,,,,,,,,,,178,0,0
Shedeur Sanders,CLE,QB,1,1,1,0,0,0,0,0,0,,,,,,,,,,,1,0,0
Dylan Sampson,CLE,RB,1,,,,,,0,0,0,0,0,0,0,,,,,,,0,0,2
Jaleel McLaughlin,CLE,RB,1,,,,,,1,3,0,1,0,0,0,,,,,,,12,0,0
Michael Burton,CLE,RB,1,,,,,,0,0,0,1,0,0,0,,,,,,,31,0,32
Quinshon Judkins,CLE,RB,3,,,,,,42,124,0,9,9,53,0,,,,,,,108,0,0
Raheim Sanders,CLE,RB,3,,,,,,4,22,0,9,8,66,0,,,,,,,59,0,18
Blake Whiteheart,CLE,TE,2,,,,,,0,0,0,3,2,31,1,,,,,,,74,0,42
Carsen Ryan,CLE,TE,2,,,,,,0,0,0,0,0,0,0,,,,,,,1,0,45
Harold Fannin Jr.,CLE,TE,3,,,,,,0,0,0,18,14,126,2,,,,,,,,,
Denzel Boston,CLE,WR,3,,,,,,0,0,0,15,9,195,2,,,,,,,163,0,1
Isaiah Bond,CLE,WR,1,,,,,,0,0,0,1,1,10,0,,,,,,,16,0,0
Jerry Jeudy,CLE,WR,2,,,,,,0,0,0,5,2,26,0,,,,,,,102,0,0
KC Concepcion,CLE,WR,3,,,,,,4,9,0,20,12,80,0,,,,,,,133,0,8
Malachi Corley,CLE,WR,3,,,,,,0,0,0,0,0,0,0,,,,,,,1,0,51
Tylan Wallace,CLE,WR,1,,,,,,0,0,0,0,0,0,0,,,,,,,43,0,40
Alijah Clark,DAL,DB,3,,,,,,,,,,,,,4,0,,,,,0,20,51
Caelen Carson,DAL,DB,1,,,,,,,,,,,,,1,0,,,,,0,17,12
Caleb Downs,DAL,DB,3,,,,,,,,,,,,,20,1,,,,,0,196,19
Cobie Durant,DAL,DB,2,,,,,,,,,,,,,3,0,,,,,0,87,0
DaRon Bland,DAL,DB,3,,,,,,,,,,,,,14,0,,,,,0,200,0
Jalen Thompson,DAL,DB,3,,,,,,,,,,,,,17,0,,,,,0,167,0
Malik Hooker,DAL,DB,1,,,,,,,,,,,,,1,0,,,,,0,12,0
Markquese Bell,DAL,DB,3,,,,,,,,,,,,,15,0,,,,,0,101,32
P.J. Locke,DAL,DB,2,,,,,,,,,,,,,3,0,,,,,0,31,11
Reddy Steward,DAL,DB,1,,,,,,,,,,,,,2,0,,,,,0,2,13
Shavon Revel Jr.,DAL,DB,3,,,,,,,,,,,,,9,0,,,,,,,
Jonathan Bullard,DAL,DL,3,,,,,,,,,,,,,3,0.5,,,,,0,64,0
Kenny Clark,DAL,DL,3,,,,,,,,,,,,,7,0,,,,,0,144,0
LT Overton,DAL,DL,3,,,,,,,,,,,,,4,0,,,,,0,48,16
Otito Ogbonnia,DAL,DL,3,,,,,,,,,,,,,10,0,,,,,0,109,15
Quinnen Williams,DAL,DL,3,,,,,,,,,,,,,8,0,,,,,0,151,15
Brandon Aubrey,DAL,K,3,,,,,,,,,,,,,,,6,8,,,0,0,35
Curtis Robinson,DAL,LB,1,,,,,,,,,,,,,0,0,,,,,0,2,19
DeMarvion Overshown,DAL,LB,1,,,,,,,,,,,,,7,0,,,,,0,51,3
Dee Winters,DAL,LB,3,,,,,,,,,,,,,20,0,,,,,0,137,1
Donovan Ezeiruaku,DAL,LB,3,,,,,,,,,,,,,17,0.5,,,,,0,141,15
Jaishawn Barham,DAL,LB,3,,,,,,,,,,,,,20,0,,,,,0,129,4
James Houston,DAL,LB,2,,,,,,,,,,,,,2,0,,,,,0,10,26
Malachi Lawrence,DAL,LB,3,,,,,,,,,,,,,9,0,,,,,0,70,25
Rashan Gary,DAL,LB,3,,,,,,,,,,,,,6,0,,,,,0,135,0
Shemar James,DAL,LB,1,,,,,,,,,,,,,3,0,,,,,0,60,53
Tyrus Wheat,DAL,LB,1,,,,,,,,,,,,,2,0,,,,,0,5,32
Von Miller,DAL,LB,2,,,,,,,,,,,,,2,0,,,,,0,48,0
Terence Steele,DAL,OL,2,,,,,,,,,,,,,,,,,,,186,0,15
Bryan Anger,DAL,P,3,,,,,,,,,,,,,,,,,5,243,0,0,21
Dak Prescott,DAL,QB,3,105,73,730,7,1,10,59,0,,,,,,,,,,,187,0,0
Emari Demercado,DAL,RB,2,,,,,,5,15,0,0,0,0,0,,,,,,,14,0,0
Hunter Luepke,DAL,RB,2,,,,,,2,8,0,0,0,0,0,,,,,,,35,0,42
Javonte Williams,DAL,RB,3,,,,,,43,169,2,12,10,56,1,,,,,,,141,0,0
Tyler Goodson,DAL,RB,1,,,,,,6,22,0,1,1,-5,0,,,,,,,11,0,0
Brevyn Spann-Ford,DAL,TE,3,,,,,,0,0,0,3,3,33,0,,,,,,,62,0,41
Jake Ferguson,DAL,TE,3,,,,,,0,0,0,11,9,72,3,,,,,,,128,0,0
Luke Schoonmaker,DAL,TE,2,,,,,,0,0,0,2,2,21,0,,,,,,,45,0,36
CeeDee Lamb,DAL,WR,3,,,,,,1,0,0,25,20,309,3,,,,,,,149,0,0
George Pickens,DAL,WR,3,,,,,,0,0,0,25,16,150,0,,,,,,,154,0,0
Jonathan Mingo,DAL,WR,1,,,,,,0,0,0,1,1,10,0,,,,,,,35,0,22
KaVontae Turpin,DAL,WR,3,,,,,,2,10,1,3,2,17,0,,,,,,,25,0,21
Ryan Flournoy,DAL,WR,3,,,,,,0,0,0,18,9,67,0,,,,,,,132,0,0
Brandon Jones,DEN,DB,3,,,,,,,,,,,,,22,0,,,,,0,208,0
Devon Key,DEN,DB,3,,,,,,,,,,,,,4,0,,,,,0,7,72
JL Skinner,DEN,DB,3,,,,,,,,,,,,,3,0,,,,,0,1,53
Ja'Quan McMillian,DEN,DB,2,,,,,,,,,,,,,5,0,,,,,0,143,0
Jahdae Barron,DEN,DB,2,,,,,,,,,,,,,5,0,,,,,0,30,31
Kris Abrams-Draine,DEN,DB,3,,,,,,,,,,,,,1,0,,,,,0,0,42
Pat Surtain II,DEN,DB,3,,,,,,,,,,,,,17,0,,,,,,,
Riley Moss,DEN,DB,3,,,,,,,,,,,,,13,0,,,,,0,213,7
Talanoa Hufanga,DEN,DB,3,,,,,,,,,,,,,17,1,,,,,3,211,15
Tycen Anderson,DEN,DB,2,,,,,,,,,,,,,2,0,,,,,0,0,63
D.J. Jones,DEN,DL,3,,,,,,,,,,,,,3,0,,,,,0,102,0
Eyioma Uwazurike,DEN,DL,3,,,,,,,,,,,,,5,1,,,,,0,103,15
Malcolm Roach,DEN,DL,3,,,,,,,,,,,,,10,1,,,,,0,119,18
Zach Allen,DEN,DL,3,,,,,,,,,,,,,8,3,,,,,0,151,15
Wil Lutz,DEN,K,3,,,,,,,,,,,,,,,3,5,,,0,0,22
Alex Singleton,DEN,LB,3,,,,,,,,,,,,,32,0,,,,,0,213,0
Dondrea Tillman,DEN,LB,3,,,,,,,,,,,,,9,0,,,,,0,77,61
Jonah Elliss,DEN,LB,3,,,,,,,,,,,,,7,0,,,,,0,134,20
Jordan Turner,DEN,LB,3,,,,,,,,,,,,,3,0,,,,,0,3,66
Justin Strnad,DEN,LB,3,,,,,,,,,,,,,13,0,,,,,0,167,1
Karene Reid,DEN,LB,1,,,,,,,,,,,,,1,0,,,,,0,0,39
Nik Bonitto,DEN,LB,3,,,,,,,,,,,,,4,1,,,,,0,134,0
Que Robinson,DEN,LB,3,,,,,,,,,,,,,12,1,,,,,,,
Mitchell Fraboni,DEN,LS,2,,,,,,,,,,,,,,,,,,,0,0,24
Garett Bolles,DEN,OL,1,,,,,,,,,,,,,,,,,,,180,0,8
Luke Wattenberg,DEN,OL,1,,,,,,,,,,,,,,,,,,,180,0,1
Mike McGlinchey,DEN,OL,1,,,,,,,,,,,,,,,,,,,180,0,9
Jeremy Crawshaw,DEN,P,3,,,,,,,,,,,,,,,,,14,637,0,0,24
Bo Nix,DEN,QB,3,93,56,605,4,3,12,15,1,,,,,,,,,,,180,0,0
Adam Prentice,DEN,RB,2,,,,,,0,0,0,1,1,2,0,,,,,,,18,0,54
J.K. Dobbins,DEN,RB,3,,,,,,35,121,0,2,1,4,0,,,,,,,76,0,0
Jonah Coleman,DEN,RB,2,,,,,,10,39,1,3,3,19,0,,,,,,,28,0,9
RJ Harvey,DEN,RB,2,,,,,,5,24,0,11,10,64,0,,,,,,,50,0,6
Tyler Badie,DEN,RB,2,,,,,,2,3,0,4,3,40,0,,,,,,,28,0,25
Adam Trautman,DEN,TE,1,,,,,,0,0,0,3,2,10,0,,,,,,,86,0,9
Evan Engram,DEN,TE,3,,,,,,0,0,0,8,5,60,1,,,,,,,104,0,0
Nate Adkins,DEN,TE,3,,,,,,1,6,0,5,4,40,2,,,,,,,59,0,25
Courtland Sutton,DEN,WR,3,,,,,,0,0,0,16,8,82,0,,,,,,,142,0,0
Jaylen Waddle,DEN,WR,3,,,,,,1,14,0,20,11,150,0,,,,,,,125,0,0
Kolbe Katsis,DEN,WR,1,,,,,,0,0,0,0,0,0,0,,,,,,,0,0,10
Lil'Jordan Humphrey,DEN,WR,1,,,,,,0,0,0,1,0,0,0,,,,,,,3,0,0
Marvin Mims Jr.,DEN,WR,1,,,,,,0,0,0,0,0,0,0,,,,,,,,,
Pat Bryant,DEN,WR,3,,,,,,1,16,0,9,6,86,1,,,,,,,118,0,7
Troy Franklin,DEN,WR,3,,,,,,1,5,0,4,2,48,0,,,,,,,42,0,0
Avonte Maddox,DET,DB,2,,,,,,,,,,,,,10,0,,,,,0,112,0
Christian Izien,DET,DB,2,,,,,,,,,,,,,13,0,,,,,0,90,18
Chuck Clark,DET,DB,3,,,,,,,,,,,,,21,1,,,,,0,171,14
D.J. Reed,DET,DB,3,,,,,,,,,,,,,24,0,,,,,0,222,1
Ennis Rakestraw Jr.,DET,DB,1,,,,,,,,,,,,,1,0,,,,,,,
Keith Abney II,DET,DB,1,,,,,,,,,,,,,2,0,,,,,,,
Khalil Dorsey,DET,DB,3,,,,,,,,,,,,,4,0,,,,,0,2,52
Rock Ya-Sin,DET,DB,3,,,,,,,,,,,,,15,0,,,,,0,172,19
Roger McCreary,DET,DB,3,,,,,,,,,,,,,11,1,,,,,0,121,28
Thomas Harper,DET,DB,2,,,,,,,,,,,,,5,0,,,,,0,87,24
Aidan Hutchinson,DET,DL,3,,,,,,,,,,,,,10,3.5,,,,,0,202,1
Alim McNeill,DET,DL,3,,,,,,,,,,,,,5,2,,,,,0,197,14
D.J. Wonnum,DET,DL,3,,,,,,,,,,,,,7,2,,,,,0,140,14
Eric O'Neill,DET,DL,3,,,,,,,,,,,,,6,0,,,,,0,5,47
Skyler Gill-Howard,DET,DL,3,,,,,,,,,,,,,5,0.5,,,,,1,104,13
Tyleik Williams,DET,DL,2,,,,,,,,,,,,,8,0,,,,,0,112,14
Tyler Lacy,DET,DL,2,,,,,,,,,,,,,3,0,,,,,0,70,5
Jake Bates,DET,K,3,,,,,,,,,,,,,,,3,12,,,0,0,32
Derrick Barnes,DET,LB,3,,,,,,,,,,,,,21,2,,,,,0,208,22
Devin White,DET,LB,2,,,,,,,,,,,,,9,0,,,,,0,51,0
Jack Campbell,DET,LB,3,,,,,,,,,,,,,19,0,,,,,0,230,14
Jimmy Rolder,DET,LB,1,,,,,,,,,,,,,1,0,,,,,0,0,15
Malcolm Rodriguez,DET,LB,3,,,,,,,,,,,,,7,0,,,,,0,54,42
Trevor Nowaske,DET,LB,3,,,,,,,,,,,,,9,0,,,,,0,46,70
Ben Bartch,DET,OL,1,,,,,,,,,,,,,,,,,,,131,0,10
Blake Miller,DET,OL,1,,,,,,,,,,,,,,,,,,,142,0,10
Juice Scruggs,DET,OL,1,,,,,,,,,,,,,,,,,,,207,0,15
Larry Borom,DET,OL,1,,,,,,,,,,,,,,,,,,,89,0,15
Penei Sewell,DET,OL,2,,,,,,,,,,,,,,,,,,,207,0,10
Tate Ratledge,DET,OL,1,,,,,,,,,,,,,,,,,,,207,0,15
Jack Fox,DET,P,3,,,,,,,,,,,,,,,,,13,627,0,0,28
Jared Goff,DET,QB,3,109,77,802,8,0,9,15,0,,,,,,,,,,,207,0,0
Jacob Saylors,DET,RB,3,,,,,,0,0,0,0,0,0,0,,,,,,,2,0,57
Jahmyr Gibbs,DET,RB,3,,,,,,65,307,4,21,18,156,2,,,,,,,156,0,0
Sione Vaki,DET,RB,3,,,,,,9,40,0,3,3,35,0,,,,,,,53,0,57
Brock Wright,DET,TE,3,,,,,,0,0,0,3,3,12,0,,,,,,,94,0,33
Sam LaPorta,DET,TE,3,,,,,,0,0,0,19,14,144,1,,,,,,,186,0,0
Amon-Ra St. Brown,DET,WR,3,,,,,,0,0,0,35,23,228,5,,,,,,,179,0,0
Isaac TeSlaa,DET,WR,3,,,,,,0,0,0,9,5,92,0,,,,,,,132,0,0
Jackson Meeks,DET,WR,1,,,,,,0,0,0,1,1,8,0,,,,,,,11,0,34
Jameson Williams,DET,WR,3,,,,,,0,0,0,17,10,127,0,,,,,,,181,0,0
Tay Martin,DET,WR,2,,,,,,0,0,0,0,0,0,0,,,,,,,2,0,57
Tom Kennedy,DET,WR,3,,,,,,0,0,0,0,0,0,0,,,,,,,0,0,28
Benjamin St-Juste,GB,DB,1,,,,,,,,,,,,,1,0,,,,,0,1,33
Brandon Cisse,GB,DB,3,,,,,,,,,,,,,13,0.5,,,,,0,193,9
Evan Williams,GB,DB,3,,,,,,,,,,,,,26,0,,,,,0,210,26
Javon Bullard,GB,DB,3,,,,,,,,,,,,,14,0,,,,,0,137,12
Kamal Hadden,GB,DB,2,,,,,,,,,,,,,3,0,,,,,0,0,27
Keisean Nixon,GB,DB,3,,,,,,,,,,,,,18,0.5,,,,,0,209,1
Xavier McKinney,GB,DB,3,,,,,,,,,,,,,12,0,,,,,0,210,13
Anthony Campbell,GB,DL,1,,,,,,,,,,,,,1,0,,,,,0,9,1
Barryn Sorrell,GB,DL,3,,,,,,,,,,,,,11,0.5,,,,,0,100,52
Brenton Cox Jr.,GB,DL,3,,,,,,,,,,,,,9,0,,,,,,,
Chris McClellan,GB,DL,3,,,,,,,,,,,,,2,0,,,,,0,91,11
Devonte Wyatt,GB,DL,3,,,,,,,,,,,,,8,0,,,,,0,111,0
Javon Hargrave,GB,DL,2,,,,,,,,,,,,,4,0,,,,,0,63,0
Jonathan Ford,GB,DL,2,,,,,,,,,,,,,5,0.5,,,,,0,87,20
Karl Brooks,GB,DL,3,,,,,,,,,,,,,6,0,,,,,0,130,43
Trey Smack,GB,K,3,,,,,,,,,,,,,,,5,5,,,0,0,27
Dani Dennis-Sutton,GB,LB,3,,,,,,,,,,,,,9,0.5,,,,,0,90,35
Edgerrin Cooper,GB,LB,3,,,,,,,,,,,,,18,2,,,,,0,193,0
Isaiah McDuffie,GB,LB,3,,,,,,,,,,,,,6,0,,,,,0,19,71
Kristian Welch,GB,LB,1,,,,,,,,,,,,,1,0,,,,,0,0,24
Lukas Van Ness,GB,LB,3,,,,,,,,,,,,,16,2.5,,,,,0,146,12
Nick Niemann,GB,LB,3,,,,,,,,,,,,,3,0,,,,,0,0,71
Ty'Ron Hopper,GB,LB,2,,,,,,,,,,,,,4,0,,,,,0,1,42
Zaire Franklin,GB,LB,3,,,,,,,,,,,,,21,0,,,,,0,210,0
Anthony Belton,GB,OL,1,,,,,,,,,,,,,,,,,,,126,0,13
Donovan Jennings,GB,OL,2,,,,,,,,,,,,,,,,,,,89,0,7
Jacob Monk,GB,OL,1,,,,,,,,,,,,,,,,,,,186,0,13
Jager Burton,GB,OL,1,,,,,,,,,,,,,,,,,,,89,0,3
Jordan Morgan,GB,OL,2,,,,,,,,,,,,,,,,,,,193,0,13
Sean Rhyan,GB,OL,1,,,,,,,,,,,,,,,,,,,193,0,6
Zach Bako-Bewele,GB,OL,1,,,,,,,,,,,,,,,,,,,71,0,0
Daniel Whelan,GB,P,3,,,,,,,,,,,,,,,,,14,626,0,0,27
Jordan Love,GB,QB,3,124,65,844,6,2,2,0,0,,,,,,,,,,,193,0,0
Chris Brooks,GB,RB,3,,,,,,11,40,0,4,2,19,0,,,,,,,92,0,27
Kaleb Johnson,GB,RB,3,,,,,,12,38,0,3,1,10,0,,,,,,,40,0,3
MarShawn Lloyd,GB,RB,3,,,,,,23,68,0,6,4,13,1,,,,,,,61,0,0
Jonnu Smith,GB,TE,2,,,,,,0,0,0,6,4,66,0,,,,,,,67,0,17
Tucker Kraft,GB,TE,3,,,,,,0,0,0,17,9,106,0,,,,,,,153,0,0
Bo Melton,GB,WR,3,,,,,,0,0,0,3,1,10,0,,,,,,,38,0,57
Christian Watson,GB,WR,3,,,,,,0,0,0,29,17,284,4,,,,,,,158,0,0
J. Michael Sturdivant,GB,WR,2,,,,,,0,0,0,3,3,22,0,,,,,,,30,0,30
Jayden Reed,GB,WR,2,,,,,,0,0,0,8,4,24,0,,,,,,,41,0,0
Matthew Golden,GB,WR,3,,,,,,0,0,0,30,15,253,1,,,,,,,161,0,0
Skyy Moore,GB,WR,3,,,,,,0,0,0,11,5,37,0,,,,,,,59,0,31
Calen Bullock,HOU,DB,2,,,,,,,,,,,,,13,0,,,,,0,187,4
Derek Stingley Jr.,HOU,DB,3,,,,,,,,,,,,,8,0,,,,,0,189,3
George Odum,HOU,DB,2,,,,,,,,,,,,,2,0,,,,,0,0,42
Jalen Pitre,HOU,DB,3,,,,,,,,,,,,,12,0,,,,,0,189,4
Jaylin Smith,HOU,DB,2,,,,,,,,,,,,,2,0,,,,,0,7,69
Kamari Lassiter,HOU,DB,3,,,,,,,,,,,,,16,0,,,,,0,189,4
Kamari Ramsey,HOU,DB,1,,,,,,,,,,,,,1,0,,,,,0,1,41
Reed Blankenship,HOU,DB,3,,,,,,,,,,,,,21,0,,,,,0,172,18
Tremon Smith,HOU,DB,3,,,,,,,,,,,,,2,0,,,,,0,0,60
Danielle Hunter,HOU,DL,3,,,,,,,,,,,,,7,1.5,,,,,0,151,5
Dominique Robinson,HOU,DL,2,,,,,,,,,,,,,2,0,,,,,0,35,32
Jadeveon Clowney,HOU,DL,1,,,,,,,,,,,,,1,1,,,,,0,20,0
Logan Hall,HOU,DL,2,,,,,,,,,,,,,6,1,,,,,0,71,12
Mario Edwards,HOU,DL,3,,,,,,,,,,,,,6,1,,,,,0,56,15
Sabastian Harsh,HOU,DL,3,,,,,,,,,,,,,6,0.5,,,,,0,17,38
Sheldon Rankins,HOU,DL,3,,,,,,,,,,,,,8,2,,,,,0,129,2
Tommy Togiai,HOU,DL,3,,,,,,,,,,,,,14,0,,,,,0,122,16
Will Anderson Jr.,HOU,DL,3,,,,,,,,,,,,,17,4,,,,,,,
Ka'imi Fairbairn,HOU,K,3,,,,,,,,,,,,,,,4,6,,,0,0,25
Aiden Fisher,HOU,LB,1,,,,,,,,,,,,,1,0,,,,,0,0,21
Azeez Al-Shaair,HOU,LB,3,,,,,,,,,,,,,31,0,,,,,0,172,3
Henry To'oTo'o,HOU,LB,1,,,,,,,,,,,,,2,0,,,,,0,51,0
Jake Hansen,HOU,LB,3,,,,,,,,,,,,,14,0,,,,,0,131,45
Jamal Hill,HOU,LB,2,,,,,,,,,,,,,2,0,,,,,0,0,41
Wade Woodaz,HOU,LB,2,,,,,,,,,,,,,2,0,,,,,0,17,64
Aireontae Ersery,HOU,OL,1,,,,,,,,,,,,,,,,,,,213,0,12
Evan Brown,HOU,OL,1,,,,,,,,,,,,,,,,,,,213,0,0
Keylan Rutledge,HOU,OL,1,,,,,,,,,,,,,,,,,,,213,0,12
Trent Brown,HOU,OL,2,,,,,,,,,,,,,,,,,,,213,0,12
Kai Kroeger,HOU,P,3,,,,,,,,,,,,,,,,,14,676,0,0,26
C.J. Stroud,HOU,QB,3,120,72,794,3,0,7,54,0,,,,,,,,,,,213,0,0
British Brooks,HOU,RB,1,,,,,,0,0,0,0,0,0,0,,,,,,,0,0,50
David Montgomery,HOU,RB,3,,,,,,37,103,2,7,7,48,1,,,,,,,115,0,0
Woody Marks,HOU,RB,3,,,,,,22,65,1,8,7,31,0,,,,,,,98,0,12
Cade Stover,HOU,TE,1,,,,,,0,0,0,1,1,-2,0,,,,,,,56,0,46
Dalton Schultz,HOU,TE,3,,,,,,0,0,0,25,19,205,0,,,,,,,135,0,0
Foster Moreau,HOU,TE,3,,,,,,0,0,0,8,6,56,1,,,,,,,89,0,23
Marlin Klein,HOU,TE,1,,,,,,0,0,0,1,1,16,0,,,,,,,22,0,21
Jared Wayne,HOU,WR,3,,,,,,0,0,0,12,4,65,0,,,,,,,98,0,26
Jaylin Noel,HOU,WR,3,,,,,,2,21,0,9,5,101,0,,,,,,,86,0,23
Kayshon Boutte,HOU,WR,3,,,,,,0,0,0,9,6,79,0,,,,,,,131,0,0
Lewis Bond,HOU,WR,1,,,,,,0,0,0,1,0,0,0,,,,,,,22,0,0
Nico Collins,HOU,WR,1,,,,,,1,7,0,10,7,75,1,,,,,,,57,0,0
Xavier Hutchinson,HOU,WR,3,,,,,,2,4,0,21,9,120,0,,,,,,,138,0,0
A.J. Haulcy,IND,DB,3,,,,,,,,,,,,,12,0,,,,,0,138,0
Cam Taylor-Britt,IND,DB,1,,,,,,,,,,,,,5,0,,,,,0,35,28
Camryn Bynum,IND,DB,3,,,,,,,,,,,,,18,0,,,,,0,202,18
Charvarius Ward,IND,DB,3,,,,,,,,,,,,,12,0,,,,,0,153,0
Hunter Wohler,IND,DB,2,,,,,,,,,,,,,12,0,,,,,0,59,38
Jonathan Owens,IND,DB,2,,,,,,,,,,,,,2,0,,,,,0,2,62
Justin Walley,IND,DB,3,,,,,,,,,,,,,14,0,,,,,0,139,18
Kapena Gushiken,IND,DB,2,,,,,,,,,,,,,3,0,,,,,0,8,34
Kenneth Harris,IND,DB,1,,,,,,,,,,,,,1,0,,,,,0,4,3
Sauce Gardner,IND,DB,3,,,,,,,,,,,,,12,0,,,,,0,193,5
Adetomiwa Adebawore,IND,DL,2,,,,,,,,,,,,,7,1.5,,,,,0,57,70
Arden Key,IND,DL,3,,,,,,,,,,,,,6,0.5,,,,,0,145,17
Caden Curry,IND,DL,3,,,,,,,,,,,,,4,0,,,,,0,19,55
DeForest Buckner,IND,DL,3,,,,,,,,,,,,,14,3,,,,,0,163,0
Grover Stewart,IND,DL,3,,,,,,,,,,,,,6,0.5,,,,,0,128,30
Jaylahn Tuimoloau,IND,DL,3,,,,,,,,,,,,,5,0,,,,,,,
Jerry Tillery,IND,DL,3,,,,,,,,,,,,,7,1,,,,,0,95,18
Laiatu Latu,IND,DL,3,,,,,,,,,,,,,12,0.5,,,,,0,144,0
Tim Smith,IND,DL,2,,,,,,,,,,,,,4,0,,,,,0,26,0
Spencer Shrader,IND,K,3,,,,,,,,,,,,,,,8,6,,,0,0,28
Akeem Davis-Gaither,IND,LB,3,,,,,,,,,,,,,29,0,,,,,0,193,16
Austin Ajiake,IND,LB,1,,,,,,,,,,,,,3,0,,,,,0,0,11
Bryce Boettcher,IND,LB,3,,,,,,,,,,,,,14,0,,,,,0,61,47
CJ Allen,IND,LB,1,,,,,,,,,,,,,1,0,,,,,0,11,0
Jaylon Carlies,IND,LB,2,,,,,,,,,,,,,8,0,,,,,0,129,9
Tahj Chambers,IND,LB,2,,,,,,,,,,,,,2,0,,,,,0,0,73
Luke Rhodes,IND,LS,1,,,,,,,,,,,,,,,,,,,0,0,23
Rigoberto Sanchez,IND,P,3,,,,,,,,,,,,,,,,,8,407,0,0,29
Daniel Jones,IND,QB,3,98,65,611,3,3,7,19,0,,,,,,,,,,,190,0,0
Jonathan Taylor,IND,RB,3,,,,,,66,258,4,11,9,67,0,,,,,,,169,0,0
Seth McGowan,IND,RB,3,,,,,,6,14,0,1,1,0,0,,,,,,,21,0,18
Andrew Ogletree,IND,TE,2,,,,,,0,0,0,2,0,0,0,,,,,,,46,0,56
Mo Alie-Cox,IND,TE,1,,,,,,0,0,0,1,1,16,0,,,,,,,66,0,35
Tyler Warren,IND,TE,3,,,,,,2,5,0,22,18,89,2,,,,,,,175,1,0
Alec Pierce,IND,WR,2,,,,,,0,0,0,7,5,72,0,,,,,,,49,0,0
Anthony Gould,IND,WR,2,,,,,,0,0,0,0,0,0,0,,,,,,,0,0,18
Ashton Dulin,IND,WR,1,,,,,,0,0,0,1,0,0,0,,,,,,,10,0,19
Deion Burks,IND,WR,1,,,,,,2,14,0,0,0,0,0,,,,,,,13,0,9
Josh Downs,IND,WR,3,,,,,,0,0,0,24,14,186,0,,,,,,,150,0,3
Keenan Allen,IND,WR,3,,,,,,0,0,0,20,13,100,1,,,,,,,121,0,0
Laquon Treadwell,IND,WR,3,,,,,,0,0,0,5,4,81,0,,,,,,,123,0,42
Antonio Johnson,JAX,DB,3,,,,,,,,,,,,,15,0,,,,,0,161,3
Caleb Ransaw,JAX,DB,2,,,,,,,,,,,,,10,0,,,,,0,59,49
Eric Murray,JAX,DB,3,,,,,,,,,,,,,8,0,,,,,0,146,17
Jarrian Jones,JAX,DB,2,,,,,,,,,,,,,6,0,,,,,0,122,10
Jourdan Lewis,JAX,DB,2,,,,,,,,,,,,,7,0,,,,,0,100,1
Montaric Brown,JAX,DB,3,,,,,,,,,,,,,10,0,,,,,0,117,24
Rayuan Lane III,JAX,DB,2,,,,,,,,,,,,,3,0,,,,,,,
Travis Hunter,JAX,DB,3,,,,,,,,,,,,,9,0,,,,,15,111,1
Albert Regis,JAX,DL,2,,,,,,,,,,,,,2,0,,,,,0,18,1
Arik Armstead,JAX,DL,3,,,,,,,,,,,,,5,0,,,,,0,107,1
Bryan Thomas Jr.,JAX,DL,1,,,,,,,,,,,,,1,0.5,,,,,0,22,3
DaVon Hamilton,JAX,DL,3,,,,,,,,,,,,,12,0.5,,,,,0,83,8
Danny Striggow,JAX,DL,3,,,,,,,,,,,,,4,0,,,,,0,55,13
Josh Hines-Allen,JAX,DL,3,,,,,,,,,,,,,13,1.5,,,,,0,129,10
Matt Dickerson,JAX,DL,2,,,,,,,,,,,,,4,0,,,,,0,66,17
Ruke Orhorhoro,JAX,DL,2,,,,,,,,,,,,,7,1,,,,,0,72,10
Travon Walker,JAX,DL,3,,,,,,,,,,,,,8,1.5,,,,,0,127,10
Cam Little,JAX,K,3,,,,,,,,,,,,,,,4,10,,,0,0,32
Branson Combs,JAX,LB,3,,,,,,,,,,,,,8,1,,,,,0,38,44
Dennis Gardeck,JAX,LB,3,,,,,,,,,,,,,8,0,,,,,0,71,43
Foyesade Oluokun,JAX,LB,3,,,,,,,,,,,,,17,0,,,,,0,146,10
Jahlani Tavai,JAX,LB,3,,,,,,,,,,,,,6,0,,,,,0,16,43
Jalen McLeod,JAX,LB,1,,,,,,,,,,,,,2,0,,,,,0,0,20
Ventrell Miller,JAX,LB,3,,,,,,,,,,,,,24,1,,,,,0,126,22
Ross Matiscik,JAX,LS,2,,,,,,,,,,,,,,,,,,,0,0,25
Cole Van Lanen,JAX,OL,1,,,,,,,,,,,,,,,,,,,154,0,0
Emmanuel Pregnon,JAX,OL,1,,,,,,,,,,,,,,,,,,,178,0,16
Ezra Cleveland,JAX,OL,1,,,,,,,,,,,,,,,,,,,166,0,16
Robert Hainsey,JAX,OL,2,,,,,,,,,,,,,,,,,,,168,0,0
Logan Cooke,JAX,P,3,,,,,,,,,,,,,,,,,9,435,0,0,25
Nick Mullens,JAX,QB,1,0,0,0,0,0,3,-3,0,,,,,,,,,,,7,0,0
Trevor Lawrence,JAX,QB,3,81,54,616,7,2,8,34,0,,,,,,,,,,,168,0,0
Ameer Abdullah,JAX,RB,3,,,,,,10,45,0,3,2,2,0,,,,,,,18,0,22
Bhayshul Tuten,JAX,RB,3,,,,,,43,204,2,5,5,36,0,,,,,,,88,0,0
Chris Rodriguez Jr.,JAX,RB,3,,,,,,20,73,1,0,0,0,0,,,,,,,,,
LeQuint Allen Jr.,JAX,RB,2,,,,,,0,0,0,3,2,9,0,,,,,,,,,
Brenton Strange,JAX,TE,3,,,,,,0,0,0,10,7,72,1,,,,,,,136,0,0
Nate Boerkircher,JAX,TE,2,,,,,,0,0,0,2,1,9,0,,,,,,,89,0,4
Quintin Morris,JAX,TE,2,,,,,,0,0,0,2,1,7,0,,,,,,,55,0,54
Brian Thomas Jr.,JAX,WR,3,,,,,,0,0,0,12,7,88,0,,,,,,,,,
Jakobi Meyers,JAX,WR,3,,,,,,1,2,0,11,10,132,2,,,,,,,140,0,0
Josh Cameron,JAX,WR,3,,,,,,0,0,0,4,3,32,2,,,,,,,52,0,42
Parker Washington,JAX,WR,3,,,,,,0,0,0,23,15,221,2,,,,,,,133,0,8
Alohi Gilman,KC,DB,3,,,,,,,,,,,,,14,0,,,,,0,189,3
Christian Roland-Wallace,KC,DB,2,,,,,,,,,,,,,2,0,,,,,0,26,48
Jaden Hicks,KC,DB,3,,,,,,,,,,,,,21,0,,,,,0,189,18
Jadon Canady,KC,DB,2,,,,,,,,,,,,,1,0,,,,,0,1,47
Kristian Fulton,KC,DB,2,,,,,,,,,,,,,3,0,,,,,0,99,15
L'Jarius Sneed,KC,DB,3,,,,,,,,,,,,,18,0,,,,,0,148,2
Mansoor Delane,KC,DB,2,,,,,,,,,,,,,10,0,,,,,0,75,1
Nohl Williams,KC,DB,3,,,,,,,,,,,,,11,1,,,,,0,184,27
Xavier Nwankpa,KC,DB,2,,,,,,,,,,,,,3,0,,,,,0,1,40
Ashton Gillotte,KC,DL,3,,,,,,,,,,,,,7,0,,,,,0,77,13
Bryson Eason,KC,DL,1,,,,,,,,,,,,,1,0,,,,,0,7,0
Chris Jones,KC,DL,3,,,,,,,,,,,,,9,0,,,,,0,123,0
Felix Anudike-Uzomah,KC,DL,3,,,,,,,,,,,,,2,1,,,,,0,88,0
George Karlaftis,KC,DL,3,,,,,,,,,,,,,10,0,,,,,,,
Khyiris Tonga,KC,DL,3,,,,,,,,,,,,,3,0,,,,,8,88,13
Marcus Harris,KC,DL,1,,,,,,,,,,,,,1,0,,,,,0,7,0
Peter Woods,KC,DL,3,,,,,,,,,,,,,8,0,,,,,0,98,13
R Mason Thomas,KC,DL,3,,,,,,,,,,,,,4,1,,,,,0,95,7
Harrison Butker,KC,K,3,,,,,,,,,,,,,,,6,10,,,0,0,36
Cole Christiansen,KC,LB,1,,,,,,,,,,,,,2,0,,,,,0,0,28
Cooper McDonald,KC,LB,1,,,,,,,,,,,,,1,0,,,,,0,0,2
Drue Tranquill,KC,LB,3,,,,,,,,,,,,,21,0,,,,,0,175,13
Jack Cochrane,KC,LB,3,,,,,,,,,,,,,6,0,,,,,0,49,61
Jeffrey Bassa,KC,LB,3,,,,,,,,,,,,,4,0,,,,,0,11,56
Nick Bolton,KC,LB,3,,,,,,,,,,,,,28,0,,,,,0,189,13
Creed Humphrey,KC,OL,2,,,,,,,,,,,,,,,,,,,201,0,18
Jaylon Moore,KC,OL,2,,,,,,,,,,,,,,,,,,,198,0,17
Kahlil Benson,KC,OL,2,,,,,,,,,,,,,,,,,,,201,0,18
Kingsley Suamataia,KC,OL,1,,,,,,,,,,,,,,,,,,,201,0,18
Trey Smith,KC,OL,2,,,,,,,,,,,,,,,,,,,201,0,18
Matt Araiza,KC,P,3,,,,,,,,,,,,,,,,,7,389,0,0,26
Patrick Mahomes,KC,QB,3,98,67,812,7,2,10,41,1,,,,,,,,,,,201,0,0
Ben VanSumeren,KC,RB,2,,,,,,0,0,0,0,0,0,0,,,,,,,3,0,50
Brashard Smith,KC,RB,2,,,,,,0,0,0,1,1,4,0,,,,,,,4,0,12
Emmett Johnson,KC,RB,3,,,,,,16,56,0,4,4,64,0,,,,,,,53,0,30
Kenneth Walker III,KC,RB,3,,,,,,65,360,2,18,11,82,2,,,,,,,151,0,0
Jake Briningstool,KC,TE,2,,,,,,0,0,0,2,1,9,0,,,,,,,29,0,45
Noah Gray,KC,TE,3,,,,,,0,0,0,5,4,44,0,,,,,,,111,0,32
Travis Kelce,KC,TE,3,,,,,,0,0,0,18,14,231,2,,,,,,,158,0,0
Cyrus Allen,KC,WR,1,,,,,,0,0,0,1,0,0,0,,,,,,,5,0,8
Jalen Royals,KC,WR,3,,,,,,0,0,0,3,3,17,1,,,,,,,22,0,28
Nikko Remigio,KC,WR,3,,,,,,0,0,0,0,0,0,0,,,,,,,0,0,17
Rashee Rice,KC,WR,3,,,,,,0,0,0,17,13,190,1,,,,,,,160,0,0
Tyquan Thornton,KC,WR,3,,,,,,0,0,0,7,6,108,0,,,,,,,118,0,0
Xavier Worthy,KC,WR,3,,,,,,0,0,0,15,10,63,1,,,,,,,165,0,0
Emmanuel Forbes,LA,DB,2,,,,,,,,,,,,,2,0,,,,,0,46,19
Jaylen McCollough,LA,DB,3,,,,,,,,,,,,,9,0,,,,,0,94,46
Jaylen Watson,LA,DB,3,,,,,,,,,,,,,10,0,,,,,0,140,2
Josh Wallace,LA,DB,2,,,,,,,,,,,,,6,0,,,,,0,101,42
Kam Curl,LA,DB,3,,,,,,,,,,,,,10,0,,,,,,,
Kamren Kinchens,LA,DB,1,,,,,,,,,,,,,9,0,,,,,0,52,6
Quentin Lake,LA,DB,3,,,,,,,,,,,,,23,0,,,,,0,190,29
Tanner Ingle,LA,DB,2,,,,,,,,,,,,,1,0,,,,,0,0,41
Trent McDuffie,LA,DB,3,,,,,,,,,,,,,11,0,,,,,0,189,11
Aaron Donald,LA,DL,2,,,,,,,,,,,,,4,0,,,,,0,68,1
Braden Fiske,LA,DL,3,,,,,,,,,,,,,4,0,,,,,0,94,21
Kobie Turner,LA,DL,3,,,,,,,,,,,,,16,0,,,,,0,118,6
Poona Ford,LA,DL,2,,,,,,,,,,,,,8,0,,,,,0,72,15
Ty Hamilton,LA,DL,2,,,,,,,,,,,,,4,0,,,,,0,29,5
Tyler Davis,LA,DL,2,,,,,,,,,,,,,8,0,,,,,0,75,11
Harrison Mevis,LA,K,3,,,,,,,,,,,,,,,4,7,,,0,0,25
Byron Young,LA,LB,3,,,,,,,,,,,,,10,1,,,,,0,147,2
Desjuan Johnson,LA,LB,3,,,,,,,,,,,,,4,0,,,,,0,37,25
Grant Stuard,LA,LB,1,,,,,,,,,,,,,1,0,,,,,0,0,52
Josaiah Stewart,LA,LB,3,,,,,,,,,,,,,9,0,,,,,0,126,3
Nate Landman,LA,LB,3,,,,,,,,,,,,,18,0,,,,,,,
Omar Speights,LA,LB,3,,,,,,,,,,,,,13,1,,,,,0,95,34
Shaun Dolac,LA,LB,2,,,,,,,,,,,,,9,0,,,,,0,19,59
Wesley Bailey,LA,LB,2,,,,,,,,,,,,,2,1,,,,,0,32,21
Joe Cardona,LA,LS,1,,,,,,,,,,,,,,,,,,,0,0,23
Alaric Jackson,LA,OL,2,,,,,,,,,,,,,,,,,,,209,0,12
Kevin Dotson,LA,OL,1,,,,,,,,,,,,,,,,,,,206,0,12
Steve Avila,LA,OL,1,,,,,,,,,,,,,,,,,,,209,0,12
Warren McClendon Jr.,LA,OL,2,,,,,,,,,,,,,,,,,,,,,
Ethan Evans,LA,P,3,,,,,,,,,,,,,,,,,10,467,0,0,23
Matthew Stafford,LA,QB,3,111,67,872,6,4,8,11,0,,,,,,,,,,,199,0,0
Stetson Bennett,LA,QB,1,3,2,13,0,0,1,9,0,,,,,,,,,,,10,0,0
Blake Corum,LA,RB,3,,,,,,28,148,0,5,3,13,0,,,,,,,67,0,3
Dean Connors,LA,RB,1,,,,,,0,0,0,0,0,0,0,,,,,,,0,0,9
Kyren Williams,LA,RB,3,,,,,,38,214,1,12,11,106,1,,,,,,,134,0,3
Ronnie Rivers,LA,RB,1,,,,,,5,19,0,1,1,5,0,,,,,,,8,0,2
Colby Parkinson,LA,TE,3,,,,,,0,0,0,5,3,21,0,,,,,,,128,0,1
Davis Allen,LA,TE,3,,,,,,0,0,0,5,4,39,0,,,,,,,84,0,30
Terrance Ferguson,LA,TE,3,,,,,,0,0,0,12,7,63,1,,,,,,,89,0,10
Tyler Higbee,LA,TE,2,,,,,,0,0,0,13,10,74,1,,,,,,,89,0,37
Davante Adams,LA,WR,3,,,,,,0,0,0,29,18,358,2,,,,,,,144,0,0
Jordan Whittington,LA,WR,1,,,,,,0,0,0,1,1,8,0,,,,,,,46,0,19
Konata Mumpfield,LA,WR,3,,,,,,0,0,0,11,5,105,1,,,,,,,122,0,10
Puka Nacua,LA,WR,1,,,,,,0,0,0,9,5,74,0,,,,,,,43,0,0
Tutu Atwell,LA,WR,1,,,,,,0,0,0,2,1,19,0,,,,,,,11,0,0
Xavier Smith,LA,WR,3,,,,,,0,0,0,1,0,0,0,,,,,,,80,0,35
Cam Hart,LAC,DB,3,,,,,,,,,,,,,14,0,,,,,0,168,24
Derwin James,LAC,DB,3,,,,,,,,,,,,,21,0,,,,,0,193,0
Donte Jackson,LAC,DB,3,,,,,,,,,,,,,6,0,,,,,0,106,1
Elijah Molden,LAC,DB,1,,,,,,,,,,,,,5,0,,,,,0,53,5
Genesis Smith,LAC,DB,3,,,,,,,,,,,,,11,0,,,,,0,105,54
Kendall Williamson,LAC,DB,1,,,,,,,,,,,,,1,0,,,,,0,0,50
R.J. Mickens,LAC,DB,2,,,,,,,,,,,,,6,0,,,,,0,60,7
Rodney Shelley,LAC,DB,2,,,,,,,,,,,,,4,0,,,,,0,14,28
Tarheeb Still,LAC,DB,3,,,,,,,,,,,,,8,0,,,,,0,179,21
Tony Jefferson,LAC,DB,3,,,,,,,,,,,,,11,0,,,,,0,124,21
Dalvin Tomlinson,LAC,DL,2,,,,,,,,,,,,,8,0.5,,,,,0,65,11
Jamaree Caldwell,LAC,DL,2,,,,,,,,,,,,,7,0,,,,,0,113,17
Justin Eboigbe,LAC,DL,3,,,,,,,,,,,,,10,0,,,,,0,122,26
Nick Barrett,LAC,DL,2,,,,,,,,,,,,,4,0.5,,,,,0,40,6
Teair Tart,LAC,DL,2,,,,,,,,,,,,,4,0,,,,,0,103,0
Cameron Dicker,LAC,K,3,,,,,,,,,,,,,,,3,5,,,0,0,21
Akheem Mesidor,LAC,LB,3,,,,,,,,,,,,,8,1.5,,,,,0,101,34
Bud Dupree,LAC,LB,3,,,,,,,,,,,,,4,0,,,,,0,58,27
Daiyan Henley,LAC,LB,3,,,,,,,,,,,,,20,0.5,,,,,0,178,0
Del'Shawn Phillips,LAC,LB,3,,,,,,,,,,,,,18,0,,,,,0,112,29
Khalil Mack,LAC,LB,3,,,,,,,,,,,,,8,2,,,,,0,142,0
Troy Dye,LAC,LB,3,,,,,,,,,,,,,16,0.5,,,,,0,54,64
Tuli Tuipulotu,LAC,LB,3,,,,,,,,,,,,,12,1.5,,,,,0,154,15
Cole Strange,LAC,OL,1,,,,,,,,,,,,,,,,,,,181,0,10
Jake Slaughter,LAC,OL,2,,,,,,,,,,,,,,,,,,,192,0,10
Joe Alt,LAC,OL,3,,,,,,,,,,,,,,,,,,,192,0,10
Kayode Awosika,LAC,OL,1,,,,,,,,,,,,,,,,,,,85,0,5
Rashawn Slater,LAC,OL,2,,,,,,,,,,,,,,,,,,,192,0,10
J.K. Scott,LAC,P,3,,,,,,,,,,,,,,,,,10,502,,,
Justin Herbert,LAC,QB,3,88,52,627,3,4,12,48,0,,,,,,,,,,,192,0,0
Alec Ingold,LAC,RB,3,,,,,,0,0,0,4,3,35,0,,,,,,,80,0,26
Keaton Mitchell,LAC,RB,3,,,,,,17,85,0,4,4,10,1,,,,,,,60,0,13
Kimani Vidal,LAC,RB,2,,,,,,1,6,0,3,1,14,0,,,,,,,28,0,19
Omarion Hampton,LAC,RB,3,,,,,,50,193,2,3,2,21,0,,,,,,,104,0,0
Charlie Kolar,LAC,TE,2,,,,,,0,0,0,3,3,21,0,,,,,,,72,0,27
David Njoku,LAC,TE,2,,,,,,0,0,0,8,6,67,0,,,,,,,41,0,0
Hayden Rucci,LAC,TE,1,,,,,,0,0,0,0,0,0,0,,,,,,,28,0,5
Oronde Gadsden II,LAC,TE,3,,,,,,0,0,0,7,4,50,1,,,,,,,79,0,20
Brenen Thompson,LAC,WR,1,,,,,,0,0,0,3,1,13,0,,,,,,,22,0,0
Derius Davis,LAC,WR,3,,,,,,0,0,0,2,0,0,0,,,,,,,19,0,20
Ladd McConkey,LAC,WR,3,,,,,,0,0,0,15,12,183,1,,,,,,,119,0,0
Marquez Valdes-Scantling,LAC,WR,1,,,,,,0,0,0,1,0,0,0,,,,,,,3,0,0
Quentin Johnston,LAC,WR,3,,,,,,1,7,0,17,6,64,0,,,,,,,158,0,0
Tre Harris,LAC,WR,3,,,,,,0,0,0,16,10,149,0,,,,,,,137,0,14
Darien Porter,LV,DB,2,,,,,,,,,,,,,3,0,,,,,0,46,27
Eric Stokes,LV,DB,3,,,,,,,,,,,,,8,1,,,,,0,198,0
Hezekiah Masses,LV,DB,3,,,,,,,,,,,,,11,0,,,,,0,134,0
Isaiah Pola-Mao,LV,DB,3,,,,,,,,,,,,,11,0,,,,,0,112,46
Jeremy Chinn,LV,DB,3,,,,,,,,,,,,,17,1,,,,,0,198,8
Jermod McCoy,LV,DB,1,,,,,,,,,,,,,2,0,,,,,0,18,15
Taron Johnson,LV,DB,3,,,,,,,,,,,,,13,0,,,,,0,167,1
Treydan Stukes,LV,DB,2,,,,,,,,,,,,,10,0,,,,,0,87,17
Adam Butler,LV,DL,3,,,,,,,,,,,,,5,0,,,,,0,78,0
Foley Fatukasi,LV,DL,3,,,,,,,,,,,,,6,0.5,,,,,,,
Jonah Laulu,LV,DL,2,,,,,,,,,,,,,1,0,,,,,0,60,9
Kwity Paye,LV,DL,3,,,,,,,,,,,,,10,2,,,,,0,113,0
Malcolm Koonce,LV,DL,3,,,,,,,,,,,,,7,2.5,,,,,0,92,0
Maxx Crosby,LV,DL,3,,,,,,,,,,,,,5,1.5,,,,,0,169,15
Patrick Johnson,LV,DL,2,,,,,,,,,,,,,2,0,,,,,0,13,64
Thomas Booker,LV,DL,3,,,,,,,,,,,,,4,0,,,,,0,69,15
Tonka Hemingway,LV,DL,3,,,,,,,,,,,,,10,0,,,,,0,121,30
Matt Gay,LV,K,3,,,,,,,,,,,,,,,6,8,,,0,0,33
Cody Lindenberg,LV,LB,1,,,,,,,,,,,,,1,0,,,,,0,0,35
Nakobe Dean,LV,LB,3,,,,,,,,,,,,,27,1.5,,,,,0,194,0
Quay Walker,LV,LB,3,,,,,,,,,,,,,24,0,,,,,0,198,0
Segun Olubi,LV,LB,3,,,,,,,,,,,,,5,0,,,,,0,0,65
Tommy Eichenberg,LV,LB,2,,,,,,,,,,,,,4,0,,,,,0,35,65
Alex Ward,LV,LS,1,,,,,,,,,,,,,,,,,,,0,0,27
Caleb Rogers,LV,OL,1,,,,,,,,,,,,,,,,,,,5,0,15
DJ Glaze,LV,OL,1,,,,,,,,,,,,,,,,,,,,,
Jackson Powers-Johnson,LV,OL,1,,,,,,,,,,,,,,,,,,,196,0,14
Spencer Burford,LV,OL,1,,,,,,,,,,,,,,,,,,,201,0,15
Tyler Linderbaum,LV,OL,2,,,,,,,,,,,,,,,,,,,201,0,1
AJ Cole,LV,P,3,,,,,,,,,,,,,,,,,12,614,,,
Kirk Cousins,LV,QB,3,92,62,661,9,3,12,-2,0,,,,,,,,,,,201,0,0
Ashton Jeanty,LV,RB,3,,,,,,63,206,0,16,13,97,2,,,,,,,160,0,0
Connor Heyward,LV,RB,3,,,,,,2,2,0,0,0,0,0,,,,,,,70,0,30
Dylan Laube,LV,RB,3,,,,,,0,0,0,0,0,0,0,,,,,,,22,0,65
Mike Washington Jr.,LV,RB,3,,,,,,15,102,1,1,0,0,0,,,,,,,36,0,0
Brock Bowers,LV,TE,1,,,,,,0,0,0,13,10,116,1,,,,,,,55,0,0
Ian Thomas,LV,TE,1,,,,,,0,0,0,1,1,11,0,,,,,,,76,0,0
Michael Mayer,LV,TE,3,,,,,,0,0,0,14,12,87,1,,,,,,,169,0,6
Cody White,LV,WR,3,,,,,,0,0,0,6,3,28,3,,,,,,,33,0,45
Dareke Young,LV,WR,3,,,,,,0,0,0,1,1,27,0,,,,,,,34,0,48
Jack Bech,LV,WR,2,,,,,,0,0,0,6,5,48,1,,,,,,,72,0,8
Jalen Nailor,LV,WR,3,,,,,,0,0,0,11,5,52,0,,,,,,,119,0,0
Malik Benson,LV,WR,3,,,,,,1,-8,0,4,1,6,0,,,,,,,19,0,9
Tre Tucker,LV,WR,3,,,,,,0,0,0,15,11,189,1,,,,,,,125,0,1
Chris Johnson,MIA,DB,3,,,,,,,,,,,,,19,0,,,,,0,162,12
Dante Trader Jr.,MIA,DB,3,,,,,,,,,,,,,14,0,,,,,,,
Jason Marshall Jr.,MIA,DB,3,,,,,,,,,,,,,12,0,,,,,,,
Julius Brents,MIA,DB,3,,,,,,,,,,,,,9,0,,,,,0,94,1
Julius Wood,MIA,DB,1,,,,,,,,,,,,,1,0,,,,,0,17,44
Michael Taaffe,MIA,DB,3,,,,,,,,,,,,,20,0,,,,,0,147,24
Reese Taylor,MIA,DB,1,,,,,,,,,,,,,1,0,,,,,0,0,9
Zayne Anderson,MIA,DB,2,,,,,,,,,,,,,7,0,,,,,0,66,6
Clelin Ferrell,MIA,DL,2,,,,,,,,,,,,,3,0,,,,,0,40,3
Jordan Phillips,MIA,DL,3,,,,,,,,,,,,,7,0,,,,,0,107,16
Keith Cooper Jr.,MIA,DL,1,,,,,,,,,,,,,1,0,,,,,0,29,16
Malik Herring,MIA,DL,3,,,,,,,,,,,,,4,0,,,,,0,74,1
Rob Beal Jr.,MIA,DL,1,,,,,,,,,,,,,1,0,,,,,,,
Zach Sieler,MIA,DL,3,,,,,,,,,,,,,7,0,,,,,0,126,27
Zeek Biggers,MIA,DL,3,,,,,,,,,,,,,7,0,,,,,0,102,25
Riley Patterson,MIA,K,3,,,,,,,,,,,,,,,5,3,,,0,0,19
Chop Robinson,MIA,LB,2,,,,,,,,,,,,,3,0,,,,,0,79,1
Jackson Woodard,MIA,LB,1,,,,,,,,,,,,,3,0,,,,,0,9,42
Jacob Rodriguez,MIA,LB,3,,,,,,,,,,,,,27,0,,,,,0,168,17
Jordyn Brooks,MIA,LB,3,,,,,,,,,,,,,22,0,,,,,0,163,17
Joshua Uche,MIA,LB,3,,,,,,,,,,,,,12,0,,,,,0,97,1
Liam Anderson,MIA,LB,1,,,,,,,,,,,,,1,0,,,,,0,4,23
Willie Gay Jr.,MIA,LB,3,,,,,,,,,,,,,7,0,,,,,0,96,6
Tucker Addington,MIA,LS,1,,,,,,,,,,,,,,,,,,,0,0,20
Aaron Brewer,MIA,OL,3,,,,,,,,,,,,,,,,,,,188,0,0
Austin Jackson,MIA,OL,3,,,,,,,,,,,,,,,,,,,188,0,10
Kadyn Proctor,MIA,OL,2,,,,,,,,,,,,,,,,,,,188,0,10
Patrick Paul,MIA,OL,1,,,,,,,,,,,,,,,,,,,188,0,10
Bradley Pinion,MIA,P,3,,,,,,,,,,,,,,,,,9,383,0,0,20
Malik Willis,MIA,QB,3,86,49,627,1,2,17,101,1,,,,,,,,,,,188,0,0
DJ Herman,MIA,RB,2,,,,,,0,0,0,3,1,18,0,,,,,,,59,0,13
De'Von Achane,MIA,RB,3,,,,,,34,127,0,12,7,49,0,,,,,,,97,0,0
Jaylen Wright,MIA,RB,2,,,,,,3,10,0,0,0,0,0,,,,,,,7,0,8
Ollie Gordon II,MIA,RB,2,,,,,,20,48,1,3,3,14,0,,,,,,,,,
Greg Dulcich,MIA,TE,3,,,,,,0,0,0,12,9,90,0,,,,,,,130,0,9
Will Kacmarek,MIA,TE,3,,,,,,0,0,0,2,1,4,0,,,,,,,72,0,25
Caleb Douglas,MIA,WR,2,,,,,,0,0,0,10,7,113,0,,,,,,,102,0,0
Chris Bell,MIA,WR,3,,,,,,0,0,0,10,5,92,0,,,,,,,105,0,7
Kevin Coleman Jr.,MIA,WR,2,,,,,,0,0,0,6,1,3,0,,,,,,,,,
Malik Washington,MIA,WR,3,,,,,,3,9,0,23,12,152,0,,,,,,,161,0,19
Ryan Miller,MIA,WR,2,,,,,,0,0,0,4,3,92,1,,,,,,,23,0,40
Byron Murphy,MIN,DB,3,,,,,,,,,,,,,16,0,,,,,0,208,0
Harrison Smith,MIN,DB,3,,,,,,,,,,,,,5,0,,,,,0,86,0
Isaiah Rodgers,MIN,DB,3,,,,,,,,,,,,,13,0,,,,,0,205,11
Jacob Thomas,MIN,DB,3,,,,,,,,,,,,,5,0,,,,,0,19,52
James Pierre,MIN,DB,3,,,,,,,,,,,,,14,0,,,,,0,77,29
Jay Ward,MIN,DB,1,,,,,,,,,,,,,1,0,,,,,0,2,64
Josh Metellus,MIN,DB,3,,,,,,,,,,,,,20,0.5,,,,,0,211,4
Theo Jackson,MIN,DB,3,,,,,,,,,,,,,7,0,,,,,0,142,13
Caleb Banks,MIN,DL,2,,,,,,,,,,,,,7,0,,,,,0,64,16
Domonique Orange,MIN,DL,2,,,,,,,,,,,,,4,0,,,,,0,59,15
Jalen Redmond,MIN,DL,3,,,,,,,,,,,,,9,0,,,,,0,169,15
Levi Drake Rodriguez,MIN,DL,3,,,,,,,,,,,,,6,1,,,,,0,122,7
Tyrion Ingram-Dawkins,MIN,DL,3,,,,,,,,,,,,,6,0,,,,,0,105,28
Will Reichard,MIN,K,3,,,,,,,,,,,,,,,7,6,,,0,0,29
Andrew Van Ginkel,MIN,LB,3,,,,,,,,,,,,,9,3,,,,,0,173,0
Blake Cashman,MIN,LB,3,,,,,,,,,,,,,23,2.5,,,,,0,198,4
Bo Richter,MIN,LB,2,,,,,,,,,,,,,2,0,,,,,0,0,72
Chaz Chambliss,MIN,LB,2,,,,,,,,,,,,,3,0,,,,,0,0,60
Dallas Turner,MIN,LB,3,,,,,,,,,,,,,10,3.5,,,,,0,178,6
Eric Wilson,MIN,LB,3,,,,,,,,,,,,,20,1.5,,,,,0,199,16
Ivan Pace Jr.,MIN,LB,3,,,,,,,,,,,,,9,0.5,,,,,,,
Jake Golday,MIN,LB,3,,,,,,,,,,,,,4,0,,,,,0,2,60
Kyle Van Noy,MIN,LB,3,,,,,,,,,,,,,6,1.5,,,,,0,60,0
Andrew DePaola,MIN,LS,2,,,,,,,,,,,,,,,,,,,0,0,30
Blake Brandel,MIN,OL,2,,,,,,,,,,,,,,,,,,,176,0,12
Brian O'Neill,MIN,OL,1,,,,,,,,,,,,,,,,,,,176,0,0
Donovan Jackson,MIN,OL,1,,,,,,,,,,,,,,,,,,,176,0,12
Will Fries,MIN,OL,1,,,,,,,,,,,,,,,,,,,176,0,12
Brett Thorson,MIN,P,2,,,,,,,,,,,,,,,,,10,458,0,0,17
Johnny Hekker,MIN,P,1,,,,,,,,,,,,,,,,,8,309,0,0,13
Carson Wentz,MIN,QB,2,39,23,276,3,0,8,5,0,,,,,,,,,,,106,0,0
Kyler Murray,MIN,QB,2,34,18,186,1,2,4,26,0,,,,,,,,,,,70,0,0
Aaron Jones,MIN,RB,3,,,,,,52,203,1,7,5,34,0,,,,,,,119,0,0
DeeJay Dallas,MIN,RB,3,,,,,,3,10,0,2,2,13,0,,,,,,,23,0,59
Demond Claiborne,MIN,RB,2,,,,,,3,1,0,1,1,2,0,,,,,,,5,0,2
Jordan Mason,MIN,RB,1,,,,,,15,59,1,0,0,0,0,,,,,,,29,0,0
Max Bredeson,MIN,RB,1,,,,,,0,0,0,0,0,0,0,,,,,,,51,0,33
Josh Oliver,MIN,TE,3,,,,,,0,0,0,5,3,46,0,,,,,,,97,0,24
T.J. Hockenson,MIN,TE,3,,,,,,0,0,0,13,9,76,1,,,,,,,129,0,0
Jauan Jennings,MIN,WR,2,,,,,,0,0,0,3,1,1,0,,,,,,,78,0,0
Jordan Addison,MIN,WR,3,,,,,,0,0,0,16,7,111,1,,,,,,,158,0,0
Justin Jefferson,MIN,WR,3,,,,,,0,0,0,17,13,179,2,,,,,,,119,0,0
Myles Price,MIN,WR,3,,,,,,0,0,0,1,0,0,0,,,,,,,33,0,29
Tai Felton,MIN,WR,1,,,,,,0,0,0,2,0,0,0,,,,,,,35,0,42
Carlton Davis III,NE,DB,2,,,,,,,,,,,,,11,0,,,,,,,
Channing Canada,NE,DB,1,,,,,,,,,,,,,1,0,,,,,0,5,30
Charles Woods,NE,DB,3,,,,,,,,,,,,,16,0,,,,,0,73,41
Christian Gonzalez,NE,DB,3,,,,,,,,,,,,,8,0,,,,,0,172,0
Craig Woodson,NE,DB,2,,,,,,,,,,,,,12,0,,,,,0,96,8
Dell Pettus,NE,DB,1,,,,,,,,,,,,,2,0,,,,,0,20,28
Jaylen Reed,NE,DB,2,,,,,,,,,,,,,4,0,,,,,0,80,38
Karon Prunty,NE,DB,1,,,,,,,,,,,,,1,0,,,,,0,3,28
Kevin Byard,NE,DB,3,,,,,,,,,,,,,14,0,,,,,0,179,0
Marcus Jones,NE,DB,3,,,,,,,,,,,,,10,0,,,,,0,129,16
Mike Brown,NE,DB,1,,,,,,,,,,,,,1,0,,,,,0,12,19
Christian Barmore,NE,DL,3,,,,,,,,,,,,,4,1,,,,,0,94,10
Cory Durden,NE,DL,2,,,,,,,,,,,,,4,0,,,,,0,94,20
DaQuan Jones,NE,DL,2,,,,,,,,,,,,,2,0,,,,,0,33,6
Jeremiah Pharms Jr.,NE,DL,1,,,,,,,,,,,,,1,0,,,,,,,
Joshua Farmer,NE,DL,2,,,,,,,,,,,,,3,1,,,,,0,57,0
Milton Williams,NE,DL,3,,,,,,,,,,,,,9,0,,,,,0,118,16
Andy Borregales,NE,K,3,,,,,,,,,,,,,,,5,3,,,,,
Christian Elliss,NE,LB,3,,,,,,,,,,,,,18,1,,,,,0,176,3
Darius Muasau,NE,LB,1,,,,,,,,,,,,,1,0,,,,,0,8,44
Dre'Mont Jones,NE,LB,2,,,,,,,,,,,,,3,1,,,,,0,60,6
Elijah Ponder,NE,LB,3,,,,,,,,,,,,,9,1.5,,,,,0,144,27
Erick Hunter,NE,LB,2,,,,,,,,,,,,,3,0,,,,,0,3,25
Gabe Jacas,NE,LB,3,,,,,,,,,,,,,11,1.5,,,,,0,117,40
Jose Ramirez,NE,LB,1,,,,,,,,,,,,,1,0,,,,,0,8,7
Namdi Obiazor,NE,LB,2,,,,,,,,,,,,,5,0,,,,,0,3,60
Quintayvious Hutchins,NE,LB,1,,,,,,,,,,,,,3,0,,,,,0,16,12
Robert Spillane,NE,LB,3,,,,,,,,,,,,,21,0,,,,,0,179,11
Alijah Vera-Tucker,NE,OL,1,,,,,,,,,,,,,,,,,,,189,0,10
Jared Wilson,NE,OL,1,,,,,,,,,,,,,,,,,,,177,0,0
Morgan Moses,NE,OL,3,,,,,,,,,,,,,,,,,,,165,0,0
Will Campbell,NE,OL,1,,,,,,,,,,,,,,,,,,,189,0,10
Mitch Wishnowsky,NE,P,3,,,,,,,,,,,,,,,,,10,468,0,0,21
Drake Maye,NE,QB,3,80,51,585,1,6,15,82,0,,,,,,,,,,,177,0,0
Tommy DeVito,NE,QB,1,5,3,30,0,0,1,2,0,,,,,,,,,,,12,0,0
Corey Kiner,NE,RB,3,,,,,,14,29,0,1,1,9,0,,,,,,,20,0,6
Lan Larison,NE,RB,1,,,,,,0,0,0,2,2,9,0,,,,,,,3,0,6
Reggie Gilliam,NE,RB,1,,,,,,0,0,0,2,1,4,0,,,,,,,41,0,37
Rhamondre Stevenson,NE,RB,3,,,,,,31,116,0,11,9,63,0,,,,,,,113,0,0
TreVeyon Henderson,NE,RB,2,,,,,,24,99,1,1,1,6,0,,,,,,,56,0,0
Cameron Latu,NE,TE,2,,,,,,0,0,0,0,0,0,0,,,,,,,23,0,52
Eli Raridon,NE,TE,2,,,,,,0,0,0,2,2,32,1,,,,,,,49,0,4
Hunter Henry,NE,TE,3,,,,,,0,0,0,10,7,71,0,,,,,,,148,0,0
A.J. Brown,NE,WR,1,,,,,,0,0,0,4,3,26,0,,,,,,,31,0,0
DeMario Douglas,NE,WR,3,,,,,,0,0,0,14,7,67,0,,,,,,,107,0,0
Efton Chism III,NE,WR,2,,,,,,0,0,0,3,2,-1,0,,,,,,,,,
Kyle Williams,NE,WR,3,,,,,,0,0,0,5,2,44,0,,,,,,,45,0,11
Mack Hollins,NE,WR,3,,,,,,0,0,0,16,12,156,0,,,,,,,137,0,16
Romeo Doubs,NE,WR,3,,,,,,0,0,0,11,6,145,0,,,,,,,123,0,0
Decamerion Richardson,NO,DB,1,,,,,,,,,,,,,1,0,,,,,0,0,23
Jayden Price,NO,DB,2,,,,,,,,,,,,,1,0,,,,,0,0,66
Jonas Sanker,NO,DB,3,,,,,,,,,,,,,20,0,,,,,0,131,15
Jordan Howden,NO,DB,2,,,,,,,,,,,,,2,0,,,,,0,2,66
Julian Blackmon,NO,DB,3,,,,,,,,,,,,,11,0,,,,,0,205,12
Justin Reid,NO,DB,3,,,,,,,,,,,,,15,0,,,,,0,205,15
Kool-Aid McKinstry,NO,DB,3,,,,,,,,,,,,,15,0,,,,,0,205,0
Martin Emerson,NO,DB,2,,,,,,,,,,,,,5,0,,,,,0,17,1
Michael Reid,NO,DB,1,,,,,,,,,,,,,1,0,,,,,0,0,49
Quincy Riley,NO,DB,3,,,,,,,,,,,,,6,0,,,,,0,188,2
Carl Granderson,NO,DL,3,,,,,,,,,,,,,11,1,,,,,0,134,18
Chase Young,NO,DL,3,,,,,,,,,,,,,4,3.5,,,,,0,151,0
Christen Miller,NO,DL,1,,,,,,,,,,,,,0,0,,,,,0,25,0
Colby Wooden,NO,DL,3,,,,,,,,,,,,,5,0,,,,,0,55,14
Davon Godchaux,NO,DL,3,,,,,,,,,,,,,10,0,,,,,0,86,0
Khristian Boyd,NO,DL,1,,,,,,,,,,,,,3,1,,,,,0,46,5
Nathan Shepherd,NO,DL,3,,,,,,,,,,,,,10,0.5,,,,,0,142,14
Tyree Wilson,NO,DL,1,,,,,,,,,,,,,2,0,,,,,0,23,28
Vernon Broughton,NO,DL,3,,,,,,,,,,,,,5,0,,,,,0,125,13
Daniel Carlson,NO,K,3,,,,,,,,,,,,,,,4,7,,,0,0,28
Anfernee Jennings,NO,LB,3,,,,,,,,,,,,,7,0,,,,,0,53,55
Cameron Jordan,NO,LB,1,,,,,,,,,,,,,2,0,,,,,0,68,0
Chris Rumph II,NO,LB,2,,,,,,,,,,,,,2,0,,,,,,,
Danny Stutsman,NO,LB,3,,,,,,,,,,,,,17,0,,,,,0,73,71
Isaiah Stalbird,NO,LB,2,,,,,,,,,,,,,5,0,,,,,0,0,51
Kaden Elliss,NO,LB,3,,,,,,,,,,,,,23,0,,,,,0,205,5
Pete Werner,NO,LB,3,,,,,,,,,,,,,21,1,,,,,0,113,14
Cesar Ruiz,NO,OL,1,,,,,,,,,,,,,,,,,,,232,0,13
Kelvin Banks Jr.,NO,OL,1,,,,,,,,,,,,,,,,,,,,,
Ryan Wright,NO,P,3,,,,,,,,,,,,,,,,,11,487,0,0,24
Tyler Shough,NO,QB,3,132,91,917,8,3,14,67,1,,,,,,,,,,,232,0,0
Alvin Kamara,NO,RB,2,,,,,,18,51,0,7,6,12,0,,,,,,,44,0,0
CJ Donaldson,NO,RB,3,,,,,,4,11,0,2,1,-2,0,,,,,,,47,0,52
Kendre Miller,NO,RB,2,,,,,,13,44,1,3,2,5,0,,,,,,,40,0,4
Travis Etienne,NO,RB,3,,,,,,30,128,0,13,11,51,0,,,,,,,118,0,0
Juwan Johnson,NO,TE,3,,,,,,0,0,0,19,15,173,3,,,,,,,158,0,12
Noah Fant,NO,TE,3,,,,,,0,0,0,12,8,66,3,,,,,,,109,0,9
Oscar Delp,NO,TE,1,,,,,,0,0,0,1,1,8,0,,,,,,,23,0,18
Treyton Welch,NO,TE,1,,,,,,0,0,0,0,0,0,0,,,,,,,15,0,13
Barion Brown,NO,WR,2,,,,,,1,3,0,0,0,0,0,,,,,,,9,0,20
Bryce Lance,NO,WR,3,,,,,,0,0,0,8,4,50,0,,,,,,,169,0,0
Chris Olave,NO,WR,3,,,,,,0,0,0,36,27,375,1,,,,,,,196,0,0
Devaughn Vele,NO,WR,3,,,,,,0,0,0,22,15,172,1,,,,,,,212,0,0
Jalen Cropper,NO,WR,1,,,,,,0,0,0,0,0,0,0,,,,,,,,,
Kevin Austin Jr.,NO,WR,1,,,,,,0,0,0,1,1,7,0,,,,,,,,,
Andru Phillips,NYG,DB,3,,,,,,,,,,,,,14,0,,,,,0,127,1
Ar'Darius Washington,NYG,DB,3,,,,,,,,,,,,,3,0,,,,,0,18,20
Colton Hood,NYG,DB,2,,,,,,,,,,,,,7,0,,,,,0,125,12
Deonte Banks,NYG,DB,1,,,,,,,,,,,,,4,0,,,,,0,48,3
Elijah Campbell,NYG,DB,3,,,,,,,,,,,,,4,0,,,,,0,0,56
Greg Newsome II,NYG,DB,3,,,,,,,,,,,,,11,0,,,,,0,172,10
Jason Pinnock,NYG,DB,1,,,,,,,,,,,,,3,0,,,,,0,45,2
Jevon Holland,NYG,DB,3,,,,,,,,,,,,,12,0,,,,,0,180,6
Nic Jones,NYG,DB,1,,,,,,,,,,,,,2,0,,,,,0,5,41
Nikko Reed,NYG,DB,1,,,,,,,,,,,,,1,0,,,,,0,0,15
Paulson Adebo,NYG,DB,1,,,,,,,,,,,,,3,0,,,,,0,10,8
Tyler Nubin,NYG,DB,2,,,,,,,,,,,,,11,0,,,,,0,120,15
Basil Okoye,NYG,DL,2,,,,,,,,,,,,,2,0,,,,,,,
Chauncey Golston,NYG,DL,3,,,,,,,,,,,,,10,0,,,,,0,102,36
DJ Reader,NYG,DL,3,,,,,,,,,,,,,6,0,,,,,,,
Shelby Harris,NYG,DL,2,,,,,,,,,,,,,3,0,,,,,0,81,13
Dominic Zvada,NYG,K,3,,,,,,,,,,,,,,,6,4,,,0,0,22
Abdul Carter,NYG,LB,3,,,,,,,,,,,,,6,1,,,,,0,166,1
Arvell Reese,NYG,LB,3,,,,,,,,,,,,,24,0,,,,,0,177,15
Brian Burns,NYG,LB,3,,,,,,,,,,,,,4,0,,,,,0,116,8
Kayvon Thibodeaux,NYG,LB,2,,,,,,,,,,,,,3,0,,,,,0,99,10
Malik Harrison,NYG,LB,2,,,,,,,,,,,,,2,0,,,,,0,0,56
Micah McFadden,NYG,LB,1,,,,,,,,,,,,,0,0,,,,,0,0,27
Tremaine Edmunds,NYG,LB,3,,,,,,,,,,,,,23,0,,,,,0,180,0
Zaire Barnes,NYG,LB,3,,,,,,,,,,,,,5,0,,,,,0,3,46
Ben Mann,NYG,LS,1,,,,,,,,,,,,,,,,,,,0,0,23
Andrew Thomas,NYG,OL,1,,,,,,,,,,,,,,,,,,,191,0,0
Francis Mauigoa,NYG,OL,1,,,,,,,,,,,,,,,,,,,191,0,10
Jermaine Eluemunor,NYG,OL,2,,,,,,,,,,,,,,,,,,,191,0,10
John Michael Schmitz,NYG,OL,1,,,,,,,,,,,,,,,,,,,191,0,0
Jon Runyan,NYG,OL,3,,,,,,,,,,,,,,,,,,,,,
Jordan Stout,NYG,P,3,,,,,,,,,,,,,,,,,13,664,0,0,23
Jameis Winston,NYG,QB,2,49,25,229,0,1,4,15,0,,,,,,,,,,,115,0,0
Jaxson Dart,NYG,QB,2,34,26,250,3,0,11,54,0,,,,,,,,,,,76,0,0
Cam Skattebo,NYG,RB,3,,,,,,50,177,1,8,7,59,0,,,,,,,125,0,0
Devin Singletary,NYG,RB,2,,,,,,9,25,0,5,4,22,1,,,,,,,40,0,0
Najee Harris,NYG,RB,2,,,,,,13,58,0,0,0,0,0,,,,,,,22,0,0
Patrick Ricard,NYG,RB,1,,,,,,0,0,0,1,0,0,0,,,,,,,85,0,5
Tyrone Tracy Jr.,NYG,RB,3,,,,,,3,17,0,0,0,0,0,,,,,,,4,0,41
Isaiah Likely,NYG,TE,3,,,,,,0,0,0,23,15,124,2,,,,,,,128,0,0
Theo Johnson,NYG,TE,2,,,,,,0,0,0,5,1,9,0,,,,,,,59,0,28
Braxton Berrios,NYG,WR,3,,,,,,0,0,0,0,0,0,0,,,,,,,22,0,21
Darnell Mooney,NYG,WR,3,,,,,,1,9,0,8,6,95,0,,,,,,,109,0,0
Malachi Fields,NYG,WR,3,,,,,,0,0,0,12,6,74,0,,,,,,,141,0,10
Malik Nabers,NYG,WR,3,,,,,,0,0,0,19,12,96,0,,,,,,,129,0,0
Odell Beckham Jr.,NYG,WR,1,,,,,,0,0,0,1,0,0,0,,,,,,,20,0,0
Andre Cisco,NYJ,DB,3,,,,,,,,,,,,,17,1,,,,,0,168,23
Azareye'h Thomas,NYJ,DB,3,,,,,,,,,,,,,13,0,,,,,0,174,1
Brandon Stephens,NYJ,DB,2,,,,,,,,,,,,,7,0,,,,,0,172,0
Dane Belton,NYJ,DB,3,,,,,,,,,,,,,15,0,,,,,0,174,27
Jarvis Brownlee Jr.,NYJ,DB,3,,,,,,,,,,,,,7,0,,,,,,,
Malachi Moore,NYJ,DB,3,,,,,,,,,,,,,3,0,,,,,0,8,68
Nahshon Wright,NYJ,DB,1,,,,,,,,,,,,,1,0,,,,,0,0,18
Qwan'tez Stiggers,NYJ,DB,3,,,,,,,,,,,,,1,0,,,,,0,0,62
Braiden McGregor,NYJ,DL,2,,,,,,,,,,,,,6,0,,,,,0,42,46
Darrell Jackson Jr.,NYJ,DL,3,,,,,,,,,,,,,4,0,,,,,0,44,12
David Onyemata,NYJ,DL,1,,,,,,,,,,,,,0,0,,,,,0,48,10
Harrison Phillips,NYJ,DL,3,,,,,,,,,,,,,5,0,,,,,0,103,3
Joseph Ossai,NYJ,DL,1,,,,,,,,,,,,,2,0,,,,,0,28,0
Jowon Briggs,NYJ,DL,2,,,,,,,,,,,,,9,1,,,,,0,90,22
T'Vondre Sweat,NYJ,DL,3,,,,,,,,,,,,,7,0,,,,,0,85,11
Will McDonald IV,NYJ,DL,2,,,,,,,,,,,,,2,1,,,,,,,
Jason Sanders,NYJ,K,3,,,,,,,,,,,,,,,5,5,,,0,0,26
David Bailey,NYJ,LB,3,,,,,,,,,,,,,12,2,,,,,0,122,0
Demario Davis,NYJ,LB,3,,,,,,,,,,,,,21,1,,,,,0,174,0
Jamien Sherwood,NYJ,LB,3,,,,,,,,,,,,,16,0,,,,,0,165,12
Kingsley Enagbare,NYJ,LB,3,,,,,,,,,,,,,8,2,,,,,0,111,12
Marcelino McCrary-Ball,NYJ,LB,1,,,,,,,,,,,,,1,0,,,,,0,5,26
Trevin Wallace,NYJ,LB,1,,,,,,,,,,,,,1,0,,,,,0,0,16
Troy Reeder,NYJ,LB,2,,,,,,,,,,,,,4,0,,,,,0,0,46
Thomas Hennessy,NYJ,LS,1,,,,,,,,,,,,,,,,,,,0,0,24
Dylan Parham,NYJ,OL,1,,,,,,,,,,,,,,,,,,,179,0,10
Joe Tippmann,NYJ,OL,1,,,,,,,,,,,,,,,,,,,207,0,11
Josh Myers,NYJ,OL,1,,,,,,,,,,,,,,,,,,,207,0,1
Olumuyiwa Fashanu,NYJ,OL,1,,,,,,,,,,,,,,,,,,,,,
Austin McNamara,NYJ,P,3,,,,,,,,,,,,,,,,,13,613,0,0,24
Geno Smith,NYJ,QB,3,102,77,783,4,0,13,36,0,,,,,,,,,,,207,0,0
Andrew Beck,NYJ,RB,1,,,,,,0,0,0,0,0,0,0,,,,,,,15,0,56
Braelon Allen,NYJ,RB,3,,,,,,19,61,1,5,4,11,0,,,,,,,84,0,11
Breece Hall,NYJ,RB,3,,,,,,51,163,1,10,10,102,0,,,,,,,119,0,1
Isaiah Davis,NYJ,RB,2,,,,,,0,0,0,0,0,0,0,,,,,,,0,0,56
Jelani Woods,NYJ,TE,1,,,,,,0,0,0,1,1,20,0,,,,,,,62,0,20
Jeremy Ruckert,NYJ,TE,3,,,,,,0,0,0,8,8,48,1,,,,,,,82,0,25
Kenyon Sadiq,NYJ,TE,3,,,,,,1,3,1,14,12,143,1,,,,,,,93,0,0
Mason Taylor,NYJ,TE,1,,,,,,0,0,0,3,2,-2,0,,,,,,,78,0,10
Adonai Mitchell,NYJ,WR,2,,,,,,0,0,0,15,9,123,0,,,,,,,107,0,1
Arian Smith,NYJ,WR,2,,,,,,0,0,0,1,0,0,0,,,,,,,3,0,21
Garrett Wilson,NYJ,WR,3,,,,,,0,0,0,27,21,243,2,,,,,,,177,0,1
Isaiah Williams,NYJ,WR,3,,,,,,1,14,0,9,8,62,0,,,,,,,160,0,29
Jamaal Pritchett,NYJ,WR,1,,,,,,0,0,0,0,0,0,0,,,,,,,0,0,3
Malik McClain,NYJ,WR,1,,,,,,0,0,0,0,0,0,0,,,,,,,18,0,11
Omar Cooper Jr.,NYJ,WR,1,,,,,,0,0,0,1,1,30,0,,,,,,,,,
Sterling Shepard,NYJ,WR,1,,,,,,0,0,0,1,1,3,0,,,,,,,30,0,0
Andrew Mukuba,PHI,DB,3,,,,,,,,,,,,,16,0,,,,,0,194,0
Cooper DeJean,PHI,DB,3,,,,,,,,,,,,,18,0,,,,,2,195,3
Kelee Ringo,PHI,DB,1,,,,,,,,,,,,,1,0,,,,,0,0,63
Marcus Epps,PHI,DB,3,,,,,,,,,,,,,14,0,,,,,0,119,15
Michael Carter II,PHI,DB,2,,,,,,,,,,,,,5,0,,,,,0,30,50
Quinyon Mitchell,PHI,DB,3,,,,,,,,,,,,,15,0,,,,,0,195,0
Riq Woolen,PHI,DB,3,,,,,,,,,,,,,9,0,,,,,0,122,9
Byron Young,PHI,DL,2,,,,,,,,,,,,,4,0,,,,,0,47,13
Jalen Carter,PHI,DL,3,,,,,,,,,,,,,6,1,,,,,0,158,15
Jordan Davis,PHI,DL,3,,,,,,,,,,,,,12,0,,,,,0,99,23
Moro Ojomo,PHI,DL,3,,,,,,,,,,,,,10,0,,,,,0,130,15
Ty Robinson,PHI,DL,1,,,,,,,,,,,,,2,0,,,,,0,15,34
Jake Elliott,PHI,K,3,,,,,,,,,,,,,,,2,7,,,0,0,20
A.J. Epenesa,PHI,LB,1,,,,,,,,,,,,,2,0,,,,,0,20,11
Arnold Ebiketie,PHI,LB,3,,,,,,,,,,,,,5,0,,,,,0,72,21
Chance Campbell,PHI,LB,1,,,,,,,,,,,,,1,0,,,,,0,0,11
Jalyx Hunt,PHI,LB,3,,,,,,,,,,,,,11,0,,,,,0,148,15
Jeremiah Trotter Jr.,PHI,LB,2,,,,,,,,,,,,,4,0,,,,,0,6,61
Jihaad Campbell,PHI,LB,3,,,,,,,,,,,,,28,1,,,,,0,184,11
Jonathan Greenard,PHI,LB,1,,,,,,,,,,,,,1,0,,,,,0,18,0
Nolan Smith,PHI,LB,3,,,,,,,,,,,,,6,1,,,,,0,132,2
Smael Mondon Jr.,PHI,LB,3,,,,,,,,,,,,,4,0,,,,,,,
Zack Baun,PHI,LB,3,,,,,,,,,,,,,22,0,,,,,0,189,3
Cam Jurgens,PHI,OL,2,,,,,,,,,,,,,,,,,,,181,0,0
Drew Kendall,PHI,OL,1,,,,,,,,,,,,,,,,,,,126,0,9
Jordan Mailata,PHI,OL,1,,,,,,,,,,,,,,,,,,,181,0,9
Landon Dickerson,PHI,OL,1,,,,,,,,,,,,,,,,,,,55,0,4
Lane Johnson,PHI,OL,1,,,,,,,,,,,,,,,,,,,181,0,0
Tyler Steen,PHI,OL,2,,,,,,,,,,,,,,,,,,,181,0,9
Braden Mann,PHI,P,3,,,,,,,,,,,,,,,,,13,638,0,0,22
Andy Dalton,PHI,QB,1,1,0,0,0,1,0,0,0,,,,,,,,,,,4,0,0
Jalen Hurts,PHI,QB,3,87,56,620,5,3,16,87,1,,,,,,,,,,,177,0,0
Saquon Barkley,PHI,RB,3,,,,,,34,174,0,6,3,6,0,,,,,,,87,0,0
Tank Bigsby,PHI,RB,3,,,,,,14,36,1,3,3,10,0,,,,,,,34,0,17
Will Shipley,PHI,RB,3,,,,,,9,28,0,5,4,24,0,,,,,,,62,0,42
Dallas Goedert,PHI,TE,2,,,,,,0,0,0,7,5,81,2,,,,,,,71,0,1
E.J. Jenkins,PHI,TE,1,,,,,,0,0,0,0,0,0,0,,,,,,,39,0,56
Johnny Mundt,PHI,TE,2,,,,,,0,0,0,4,3,12,0,,,,,,,95,0,28
Zach Ertz,PHI,TE,1,,,,,,0,0,0,2,1,9,0,,,,,,,19,0,0
Britain Covey,PHI,WR,3,,,,,,0,0,0,0,0,0,0,,,,,,,0,0,22
Darius Cooper,PHI,WR,3,,,,,,0,0,0,3,2,26,1,,,,,,,44,0,49
DeVonta Smith,PHI,WR,3,,,,,,0,0,0,27,19,235,1,,,,,,,169,0,1
Dontayvion Wicks,PHI,WR,3,,,,,,0,0,0,15,9,179,1,,,,,,,141,0,0
Makai Lemon,PHI,WR,3,,,,,,1,-5,0,9,7,38,0,,,,,,,118,0,0
Marquise Brown,PHI,WR,1,,,,,,2,12,0,0,0,0,0,,,,,,,17,0,0
Asante Samuel Jr.,PIT,DB,3,,,,,,,,,,,,,8,0,,,,,0,156,1
Brandin Echols,PIT,DB,1,,,,,,,,,,,,,2,0,,,,,0,13,50
Daylen Everette,PIT,DB,2,,,,,,,,,,,,,2,0,,,,,0,35,39
Doneiko Slaughter,PIT,DB,1,,,,,,,,,,,,,2,0,,,,,0,0,15
Jalen Ramsey,PIT,DB,3,,,,,,,,,,,,,16,0,,,,,3,172,0
Jamel Dean,PIT,DB,3,,,,,,,,,,,,,13,0,,,,,0,153,0
Jaquan Brisker,PIT,DB,3,,,,,,,,,,,,,20,0,,,,,0,171,0
Rayshawn Jenkins,PIT,DB,3,,,,,,,,,,,,,16,0,,,,,0,113,26
Robert Spears-Jennings,PIT,DB,3,,,,,,,,,,,,,8,0,,,,,0,1,68
Cameron Heyward,PIT,DL,3,,,,,,,,,,,,,7,0,,,,,0,110,27
Derrick Harmon,PIT,DL,3,,,,,,,,,,,,,12,1.5,,,,,0,80,32
Keeanu Benton,PIT,DL,3,,,,,,,,,,,,,6,0,,,,,0,103,3
Sebastian Joseph-Day,PIT,DL,3,,,,,,,,,,,,,3,0,,,,,0,19,12
Yahya Black,PIT,DL,2,,,,,,,,,,,,,4,0,,,,,0,54,33
Chris Boswell,PIT,K,3,,,,,,,,,,,,,,,6,5,,,0,0,27
Alex Highsmith,PIT,LB,2,,,,,,,,,,,,,6,3,,,,,0,115,0
Carson Bruener,PIT,LB,2,,,,,,,,,,,,,4,0,,,,,0,0,69
Cole Holcomb,PIT,LB,3,,,,,,,,,,,,,3,0,,,,,0,7,50
Jack Sawyer,PIT,LB,2,,,,,,,,,,,,,6,0,,,,,0,51,69
Nick Herbig,PIT,LB,3,,,,,,,,,,,,,8,0,,,,,0,95,33
Patrick Queen,PIT,LB,3,,,,,,,,,,,,,22,0,,,,,0,172,0
Payton Wilson,PIT,LB,3,,,,,,,,,,,,,25,0,,,,,0,140,18
T.J. Watt,PIT,LB,3,,,,,,,,,,,,,9,3.5,,,,,0,113,0
Brock Hoffman,PIT,OL,1,,,,,,,,,,,,,,,,,,,65,0,14
Dylan Cook,PIT,OL,1,,,,,,,,,,,,,,,,,,,134,0,14
Spencer Anderson,PIT,OL,1,,,,,,,,,,,,,,,,,,,134,0,0
Troy Fautanu,PIT,OL,2,,,,,,,,,,,,,,,,,,,198,0,0
Cameron Johnston,PIT,P,3,,,,,,,,,,,,,,,,,13,630,0,0,28
Aaron Rodgers,PIT,QB,3,113,66,700,4,2,7,12,0,,,,,,,,,,,196,0,0
Mason Rudolph,PIT,QB,1,1,0,0,0,0,1,3,0,,,,,,,,,,,3,0,0
Eli Heidenreich,PIT,RB,2,,,,,,0,0,0,0,0,0,0,,,,,,,3,0,18
Jaylen Warren,PIT,RB,3,,,,,,38,216,0,14,10,110,0,,,,,,,131,0,0
Lew Nichols III,PIT,RB,1,,,,,,1,0,0,0,0,0,0,,,,,,,,,
Rico Dowdle,PIT,RB,2,,,,,,15,37,0,7,4,28,0,,,,,,,57,0,0
Riley Nowakowski,PIT,RB,1,,,,,,0,0,0,0,0,0,0,,,,,,,14,0,50
Travis Homer,PIT,RB,2,,,,,,3,16,0,0,0,0,0,,,,,,,5,0,23
Darnell Washington,PIT,TE,3,,,,,,0,0,0,8,6,92,0,,,,,,,127,0,14
Pat Freiermuth,PIT,TE,3,,,,,,2,3,0,14,11,108,1,,,,,,,132,0,12
Robert Tonyan,PIT,TE,1,,,,,,0,0,0,1,1,2,0,,,,,,,8,0,15
Ben Skowronek,PIT,WR,2,,,,,,0,0,0,2,2,25,1,,,,,,,26,0,51
DK Metcalf,PIT,WR,3,,,,,,0,0,0,24,11,98,1,,,,,,,,,
Germie Bernard,PIT,WR,2,,,,,,0,0,0,9,5,49,0,,,,,,,75,0,4
Kaden Wetjen,PIT,WR,3,,,,,,0,0,0,0,0,0,0,,,,,,,0,0,27
Michael Pittman,PIT,WR,2,,,,,,0,0,0,8,5,74,0,,,,,,,,,
Roman Wilson,PIT,WR,3,,,,,,0,0,0,18,11,114,1,,,,,,,116,0,0
AJ Finley,SEA,DB,2,,,,,,,,,,,,,4,0,,,,,0,71,22
Avery Smith,SEA,DB,1,,,,,,,,,,,,,1,0,,,,,0,0,23
Devon Witherspoon,SEA,DB,3,,,,,,,,,,,,,19,0,,,,,0,187,9
Josh Jobe,SEA,DB,3,,,,,,,,,,,,,13,0,,,,,0,187,0
Julian Love,SEA,DB,2,,,,,,,,,,,,,9,0,,,,,0,119,3
Julian Neal,SEA,DB,2,,,,,,,,,,,,,2,0,,,,,0,2,29
Nehemiah Pritchett,SEA,DB,3,,,,,,,,,,,,,9,0,,,,,0,127,25
Nick Emmanwori,SEA,DB,2,,,,,,,,,,,,,3,0,,,,,0,45,0
Rodney Thomas,SEA,DB,3,,,,,,,,,,,,,6,0,,,,,,,
Byron Murphy II,SEA,DL,3,,,,,,,,,,,,,11,0,,,,,,,
Jarran Reed,SEA,DL,3,,,,,,,,,,,,,9,1,,,,,0,91,9
Leonard Williams,SEA,DL,3,,,,,,,,,,,,,11,3,,,,,0,140,9
Rylie Mills,SEA,DL,2,,,,,,,,,,,,,6,0,,,,,0,46,6
Jason Myers,SEA,K,3,,,,,,,,,,,,,,,4,9,,,0,0,29
Chazz Surratt,SEA,LB,2,,,,,,,,,,,,,2,0,,,,,0,2,57
Connor O'Toole,SEA,LB,1,,,,,,,,,,,,,1,0,,,,,0,0,19
DeMarcus Lawrence,SEA,LB,3,,,,,,,,,,,,,7,0,,,,,0,117,9
Derick Hall,SEA,LB,3,,,,,,,,,,,,,7,2,,,,,0,108,9
Drake Thomas,SEA,LB,3,,,,,,,,,,,,,25,1,,,,,0,175,11
Ernest Jones,SEA,LB,3,,,,,,,,,,,,,29,0,,,,,0,188,9
Patrick O'Connell,SEA,LB,1,,,,,,,,,,,,,1,0,,,,,0,3,57
Uchenna Nwosu,SEA,LB,3,,,,,,,,,,,,,8,0,,,,,0,93,0
Abraham Lucas,SEA,OL,2,,,,,,,,,,,,,,,,,,,187,0,13
Anthony Bradford,SEA,OL,1,,,,,,,,,,,,,,,,,,,50,0,3
Michael Dickson,SEA,P,3,,,,,,,,,,,,,,,,,11,494,0,0,24
Drew Lock,SEA,QB,2,48,35,422,4,0,2,13,0,,,,,,,,,,,115,0,0
Sam Darnold,SEA,QB,2,47,32,392,4,2,1,5,0,,,,,,,,,,,72,0,0
Brady Russell,SEA,RB,2,,,,,,0,0,0,3,3,40,0,,,,,,,60,0,70
Emanuel Wilson,SEA,RB,3,,,,,,32,109,0,1,0,0,0,,,,,,,56,0,0
George Holani,SEA,RB,3,,,,,,15,52,0,7,6,50,0,,,,,,,65,0,33
Jadarian Price,SEA,RB,3,,,,,,28,119,0,7,4,21,0,,,,,,,67,0,0
AJ Barner,SEA,TE,3,,,,,,1,1,1,12,8,90,0,,,,,,,161,0,0
Elijah Arroyo,SEA,TE,1,,,,,,0,0,0,1,1,17,0,,,,,,,44,0,30
Eric Saubert,SEA,TE,3,,,,,,0,0,0,3,2,3,1,,,,,,,45,0,50
Cooper Kupp,SEA,WR,3,,,,,,0,0,0,10,8,101,1,,,,,,,114,0,0
Jaxon Smith-Njigba,SEA,WR,3,,,,,,0,0,0,36,27,405,6,,,,,,,150,0,0
Montorie Foster Jr,SEA,WR,1,,,,,,0,0,0,0,0,0,0,,,,,,,,,
Rashid Shaheed,SEA,WR,3,,,,,,1,4,0,12,6,53,0,,,,,,,103,0,29
Tory Horton,SEA,WR,1,,,,,,0,0,0,3,3,48,0,,,,,,,37,0,3
Ashtyn Davis,SF,DB,3,,,,,,,,,,,,,5,0,,,,,0,0,58
Deommodore Lenoir,SF,DB,3,,,,,,,,,,,,,15,0,,,,,0,189,11
Jack Jones,SF,DB,3,,,,,,,,,,,,,5,0,,,,,0,46,9
Ji'Ayir Brown,SF,DB,3,,,,,,,,,,,,,23,0,,,,,0,194,19
Malik Mustapha,SF,DB,3,,,,,,,,,,,,,8,0,,,,,0,28,36
Marques Sigle,SF,DB,3,,,,,,,,,,,,,20,1,,,,,0,192,31
Renardo Green,SF,DB,3,,,,,,,,,,,,,18,0,,,,,0,198,2
Siran Neal,SF,DB,3,,,,,,,,,,,,,3,0,,,,,0,0,57
Upton Stout,SF,DB,3,,,,,,,,,,,,,9,0.5,,,,,0,125,4
C.J. West,SF,DL,2,,,,,,,,,,,,,5,0,,,,,,,
Gracen Halton,SF,DL,2,,,,,,,,,,,,,8,0,,,,,0,93,8
James Thompson Jr.,SF,DL,2,,,,,,,,,,,,,4,0,,,,,,,
Keion White,SF,DL,3,,,,,,,,,,,,,5,2,,,,,0,122,13
Kevin Givens,SF,DL,1,,,,,,,,,,,,,1,0,,,,,0,21,3
Khalid Kareem,SF,DL,3,,,,,,,,,,,,,7,0,,,,,0,84,4
Naquan Jones,SF,DL,1,,,,,,,,,,,,,1,0,,,,,0,18,0
Nick Bosa,SF,DL,2,,,,,,,,,,,,,7,0,,,,,0,76,1
Ogbo Okoronkwo,SF,DL,2,,,,,,,,,,,,,1,1,,,,,,,
Osa Odighizuwa,SF,DL,3,,,,,,,,,,,,,5,0,,,,,0,148,13
Romello Height,SF,DL,1,,,,,,,,,,,,,1,1,,,,,0,62,3
Sebastian Valdez,SF,DL,1,,,,,,,,,,,,,3,0,,,,,0,32,6
Eddy Pineiro,SF,K,3,,,,,,,,,,,,,,,3,11,,,,,
Dre Greenlaw,SF,LB,3,,,,,,,,,,,,,22,0,,,,,0,143,2
Fred Warner,SF,LB,3,,,,,,,,,,,,,33,0.5,,,,,0,189,13
Garret Wallow,SF,LB,3,,,,,,,,,,,,,7,0,,,,,0,46,57
Jaden Dugger,SF,LB,3,,,,,,,,,,,,,8,0,,,,,0,85,42
Luke Gifford,SF,LB,2,,,,,,,,,,,,,3,0,,,,,0,1,58
Colton McKivitz,SF,OL,1,,,,,,,,,,,,,,,,,,,171,0,17
Connor Colby,SF,OL,1,,,,,,,,,,,,,,,,,,,171,0,17
Jake Brendel,SF,OL,1,,,,,,,,,,,,,,,,,,,163,0,0
Trent Williams,SF,OL,1,,,,,,,,,,,,,,,,,,,141,0,0
Vederian Lowe,SF,OL,1,,,,,,,,,,,,,,,,,,,30,0,17
Corliss Waitman,SF,P,3,,,,,,,,,,,,,,,,,7,332,0,0,25
Brock Purdy,SF,QB,3,83,60,789,9,1,10,93,1,,,,,,,,,,,163,0,0
Mac Jones,SF,QB,1,0,0,0,0,0,2,-2,0,,,,,,,,,,,8,0,0
Christian McCaffrey,SF,RB,3,,,,,,35,166,3,17,13,104,0,,,,,,,108,0,1
Jordan James,SF,RB,1,,,,,,4,15,0,0,0,0,0,,,,,,,8,0,17
Kaelon Black,SF,RB,3,,,,,,25,107,0,2,1,5,0,,,,,,,53,0,0
Kyle Juszczyk,SF,RB,2,,,,,,0,0,0,4,2,27,1,,,,,,,86,0,11
Brayden Willis,SF,TE,2,,,,,,0,0,0,0,0,0,0,,,,,,,15,0,46
George Kittle,SF,TE,3,,,,,,0,0,0,16,12,174,3,,,,,,,101,0,0
Luke Farrell,SF,TE,3,,,,,,0,0,0,3,2,19,0,,,,,,,92,0,59
Deebo Samuel Sr.,SF,WR,3,,,,,,4,30,0,11,9,159,2,,,,,,,,,
Demarcus Robinson,SF,WR,2,,,,,,0,0,0,6,5,84,1,,,,,,,57,0,0
Jacob Cowing,SF,WR,3,,,,,,0,0,0,2,0,0,0,,,,,,,46,0,15
Jordan Watkins,SF,WR,1,,,,,,0,0,0,2,2,60,0,,,,,,,15,0,1
KhaDarel Hodge,SF,WR,3,,,,,,0,0,0,1,1,18,0,,,,,,,51,0,37
Mike Evans,SF,WR,3,,,,,,0,0,0,16,12,137,2,,,,,,,95,0,0
Antoine Winfield Jr.,TB,DB,3,,,,,,,,,,,,,18,0,,,,,0,179,16
Benjamin Morrison,TB,DB,2,,,,,,,,,,,,,11,0,,,,,0,102,31
Ifeatu Melifonwu,TB,DB,1,,,,,,,,,,,,,1,0,,,,,0,0,51
Jacob Parrish,TB,DB,2,,,,,,,,,,,,,7,0,,,,,0,79,7
Keionte Scott,TB,DB,3,,,,,,,,,,,,,14,0,,,,,0,114,16
Kevin Knowles,TB,DB,3,,,,,,,,,,,,,3,0,,,,,0,0,63
Miles Killebrew,TB,DB,1,,,,,,,,,,,,,2,0,,,,,0,2,63
Tykee Smith,TB,DB,3,,,,,,,,,,,,,14,0,,,,,0,176,17
Zyon McCollum,TB,DB,3,,,,,,,,,,,,,13,0,,,,,0,180,17
A'Shawn Robinson,TB,DL,3,,,,,,,,,,,,,13,1,,,,,0,93,17
Calijah Kancey,TB,DL,3,,,,,,,,,,,,,3,0,,,,,0,117,17
Elijah Roberts,TB,DL,3,,,,,,,,,,,,,3,0,,,,,0,50,0
Elijah Simmons,TB,DL,1,,,,,,,,,,,,,2,0,,,,,0,9,0
Rakeem Nunez-Roches,TB,DL,2,,,,,,,,,,,,,2,0,,,,,0,37,0
Vita Vea,TB,DL,3,,,,,,,,,,,,,6,0,,,,,0,128,17
Chase McLaughlin,TB,K,3,,,,,,,,,,,,,,,9,5,,,0,0,31
Al-Quadin Muhammad,TB,LB,2,,,,,,,,,,,,,3,0,,,,,0,89,1
Alex Anzalone,TB,LB,3,,,,,,,,,,,,,20,1,,,,,0,181,17
Anthony Nelson,TB,LB,3,,,,,,,,,,,,,4,1,,,,,0,57,50
Christian Rozeboom,TB,LB,1,,,,,,,,,,,,,3,0,,,,,0,30,39
David Walker,TB,LB,3,,,,,,,,,,,,,5,2,,,,,0,28,38
Josiah Trotter,TB,LB,2,,,,,,,,,,,,,24,1,,,,,0,106,21
Rueben Bain Jr.,TB,LB,1,,,,,,,,,,,,,1,0,,,,,,,
SirVocea Dennis,TB,LB,3,,,,,,,,,,,,,6,0,,,,,0,41,67
Yaya Diaby,TB,LB,3,,,,,,,,,,,,,6,0,,,,,,,
Ben Bredeson,TB,OL,1,,,,,,,,,,,,,,,,,,,191,0,14
Cody Mauch,TB,OL,2,,,,,,,,,,,,,,,,,,,191,0,14
Graham Barton,TB,OL,2,,,,,,,,,,,,,,,,,,,191,0,0
Luke Goedeke,TB,OL,1,,,,,,,,,,,,,,,,,,,191,0,14
Tristan Wirfs,TB,OL,1,,,,,,,,,,,,,,,,,,,191,0,14
Riley Dixon,TB,P,2,,,,,,,,,,,,,,,,,13,612,0,0,27
Baker Mayfield,TB,QB,3,96,61,615,2,2,11,65,1,,,,,,,,,,,187,0,0
Jalon Daniels,TB,QB,1,3,0,0,0,1,1,9,0,,,,,,,,,,,4,0,0
Bucky Irving,TB,RB,3,,,,,,40,180,1,15,13,61,0,,,,,,,122,0,0
Josh Williams,TB,RB,1,,,,,,0,0,0,0,0,0,0,,,,,,,0,0,5
Kenny Gainwell,TB,RB,3,,,,,,10,21,0,10,6,22,0,,,,,,,,,
Bauer Sharp,TB,TE,2,,,,,,0,0,0,0,0,0,0,,,,,,,10,0,63
Cade Otton,TB,TE,3,,,,,,0,0,0,17,11,120,0,,,,,,,179,0,1
Ko Kieft,TB,TE,1,,,,,,0,0,0,0,0,0,0,,,,,,,3,0,62
Payne Durham,TB,TE,1,,,,,,0,0,0,1,0,0,0,,,,,,,49,0,51
Chris Godwin Jr.,TB,WR,3,,,,,,2,15,0,11,10,111,0,,,,,,,,,
Emeka Egbuka,TB,WR,3,,,,,,1,-3,0,20,13,141,1,,,,,,,156,0,0
Jalen McMillan,TB,WR,1,,,,,,0,0,0,1,0,0,0,,,,,,,9,0,0
Kameron Johnson,TB,WR,3,,,,,,0,0,0,0,0,0,0,,,,,,,6,0,49
Ted Hurst III,TB,WR,3,,,,,,0,0,0,13,6,103,1,,,,,,,,,
Tez Johnson,TB,WR,3,,,,,,1,-4,0,7,2,57,0,,,,,,,48,0,13
Alontae Taylor,TEN,DB,3,,,,,,,,,,,,,15,1,,,,,0,206,0
Amani Hooker,TEN,DB,3,,,,,,,,,,,,,21,0,,,,,0,205,0
Cordale Flott,TEN,DB,2,,,,,,,,,,,,,8,0,,,,,0,130,0
Erick Hallett,TEN,DB,2,,,,,,,,,,,,,1,0,,,,,0,11,58
Kevin Winston Jr.,TEN,DB,3,,,,,,,,,,,,,22,0,,,,,,,
Marcus Harris,TEN,DB,3,,,,,,,,,,,,,18,0,,,,,0,118,7
Micah Robinson,TEN,DB,3,,,,,,,,,,,,,10,0,,,,,0,77,46
Terrell Burgess,TEN,DB,1,,,,,,,,,,,,,1,0,,,,,0,0,65
Tony Adams,TEN,DB,2,,,,,,,,,,,,,3,0,,,,,0,16,26
Jacob Martin,TEN,DL,3,,,,,,,,,,,,,1,1,,,,,0,118,14
Jeffery Simmons,TEN,DL,3,,,,,,,,,,,,,20,2,,,,,0,179,15
Jermaine Johnson II,TEN,DL,3,,,,,,,,,,,,,8,0,,,,,0,135,15
John Franklin-Myers,TEN,DL,3,,,,,,,,,,,,,6,1,,,,,0,107,0
Jordan Elliott,TEN,DL,3,,,,,,,,,,,,,5,0,,,,,0,67,14
Keldric Faulk,TEN,DL,3,,,,,,,,,,,,,5,1,,,,,0,63,0
Nazir Stackhouse,TEN,DL,2,,,,,,,,,,,,,1,0,,,,,0,57,1
Oluwafemi Oladejo,TEN,DL,3,,,,,,,,,,,,,5,0,,,,,0,47,27
Solomon Thomas,TEN,DL,1,,,,,,,,,,,,,3,0,,,,,0,54,0
Truman Jones,TEN,DL,2,,,,,,,,,,,,,2,0,,,,,0,16,65
Joey Slye,TEN,K,3,,,,,,,,,,,,,,,3,4,,,0,0,17
Anthony Hill Jr.,TEN,LB,3,,,,,,,,,,,,,34,0,,,,,,,
Cedric Gray,TEN,LB,2,,,,,,,,,,,,,10,0,,,,,0,60,28
Cody Barton,TEN,LB,3,,,,,,,,,,,,,12,0,,,,,0,168,0
James Williams,TEN,LB,2,,,,,,,,,,,,,1,0,,,,,0,28,46
Mohamoud Diabate,TEN,LB,1,,,,,,,,,,,,,1,0,,,,,0,0,25
Austin Schlottmann,TEN,OL,1,,,,,,,,,,,,,,,,,,,163,0,0
JC Latham,TEN,OL,2,,,,,,,,,,,,,,,,,,,163,0,8
Tommy Townsend,TEN,P,3,,,,,,,,,,,,,,,,,16,768,0,0,24
Cam Ward,TEN,QB,3,88,55,504,2,1,9,30,2,,,,,,,,,,,163,0,0
Julius Chestnut,TEN,RB,2,,,,,,0,0,0,0,0,0,0,,,,,,,0,0,50
Nicholas Singleton,TEN,RB,1,,,,,,4,10,0,0,0,0,0,,,,,,,6,0,16
Tony Pollard,TEN,RB,3,,,,,,38,173,0,7,6,22,0,,,,,,,87,0,0
Tyjae Spears,TEN,RB,3,,,,,,13,58,0,6,4,41,0,,,,,,,72,0,0
Daniel Bellinger,TEN,TE,3,,,,,,0,0,0,4,3,23,0,,,,,,,62,0,9
Gunnar Helm,TEN,TE,3,,,,,,0,0,0,11,8,55,0,,,,,,,133,0,15
Calvin Ridley,TEN,WR,2,,,,,,0,0,0,3,2,35,0,,,,,,,85,0,0
Carnell Tate,TEN,WR,3,,,,,,0,0,0,20,13,123,0,,,,,,,137,0,0
Chimere Dike,TEN,WR,3,,,,,,0,0,0,2,2,10,0,,,,,,,12,0,26
Elic Ayomanor,TEN,WR,3,,,,,,0,0,0,9,4,91,1,,,,,,,102,0,6
Wan'Dale Robinson,TEN,WR,3,,,,,,0,0,0,18,13,104,1,,,,,,,107,0,0
Amik Robertson,WAS,DB,3,,,,,,,,,,,,,17,0,,,,,0,175,0
Fabian Moreau,WAS,DB,1,,,,,,,,,,,,,1,0,,,,,0,20,17
Jeremy Reaves,WAS,DB,3,,,,,,,,,,,,,19,0,,,,,0,168,44
Mike Sainristil,WAS,DB,3,,,,,,,,,,,,,11,0,,,,,0,125,24
Nick Cross,WAS,DB,2,,,,,,,,,,,,,11,0,,,,,0,109,0
Percy Butler,WAS,DB,1,,,,,,,,,,,,,4,0,,,,,0,13,59
Quan Martin,WAS,DB,3,,,,,,,,,,,,,10,0,,,,,0,109,55
Rasul Douglas,WAS,DB,3,,,,,,,,,,,,,7,0,,,,,0,86,2
Tyler Owens,WAS,DB,2,,,,,,,,,,,,,3,0,,,,,0,0,71
Charles Omenihu,WAS,DL,3,,,,,,,,,,,,,1,0,,,,,0,105,16
Daron Payne,WAS,DL,3,,,,,,,,,,,,,4,0,,,,,0,119,16
Dorance Armstrong,WAS,DL,2,,,,,,,,,,,,,6,0,,,,,,,
Javon Kinlaw,WAS,DL,3,,,,,,,,,,,,,6,1,,,,,0,103,11
Shy Tuttle,WAS,DL,2,,,,,,,,,,,,,2,0,,,,,0,56,1
Tim Settle,WAS,DL,3,,,,,,,,,,,,,6,0,,,,,0,60,9
Drew Stevens,WAS,K,3,,,,,,,,,,,,,,,5,6,,,0,0,31
Ale Kaho,WAS,LB,2,,,,,,,,,,,,,5,0,,,,,0,2,43
Frankie Luvu,WAS,LB,1,,,,,,,,,,,,,4,1,,,,,0,29,2
Javontae Jean-Baptiste,WAS,LB,2,,,,,,,,,,,,,3,0,,,,,0,22,11
Jordan Magee,WAS,LB,1,,,,,,,,,,,,,2,0,,,,,0,9,22
Joshua Josephs,WAS,LB,1,,,,,,,,,,,,,5,0,,,,,0,35,12
K'Lavon Chaisson,WAS,LB,3,,,,,,,,,,,,,6,1,,,,,0,123,16
Kain Medrano,WAS,LB,2,,,,,,,,,,,,,6,0,,,,,0,44,70
Leo Chenal,WAS,LB,3,,,,,,,,,,,,,18,0,,,,,0,84,41
Odafe Oweh,WAS,LB,3,,,,,,,,,,,,,10,1,,,,,0,124,0
Sonny Styles,WAS,LB,3,,,,,,,,,,,,,11,1,,,,,0,170,22
Brandon Coleman,WAS,OL,2,,,,,,,,,,,,,,,,,,,200,0,14
Josh Conerly Jr.,WAS,OL,3,,,,,,,,,,,,,,,,,,,,,
Tress Way,WAS,P,3,,,,,,,,,,,,,,,,,14,708,0,0,32
Jayden Daniels,WAS,QB,2,51,29,260,3,0,12,100,0,,,,,,,,,,,109,0,0
Marcus Mariota,WAS,QB,2,47,30,294,4,0,6,14,0,,,,,,,,,,,101,0,0
Jacory Croskey-Merritt,WAS,RB,3,,,,,,47,142,1,3,3,5,0,,,,,,,99,0,0
Kaytron Allen,WAS,RB,2,,,,,,9,40,0,0,0,0,0,,,,,,,13,0,21
Rachaad White,WAS,RB,3,,,,,,22,100,0,9,9,51,1,,,,,,,96,0,18
Ben Sinnott,WAS,TE,2,,,,,,0,0,0,2,1,6,0,,,,,,,100,0,37
Chig Okonkwo,WAS,TE,1,,,,,,0,0,0,3,2,16,0,,,,,,,39,0,0
Colson Yankoff,WAS,TE,3,,,,,,0,0,0,3,2,16,0,,,,,,,55,0,76
John Bates,WAS,TE,2,,,,,,0,0,0,4,3,22,0,,,,,,,93,0,48
Antonio Williams,WAS,WR,3,,,,,,0,0,0,11,9,103,1,,,,,,,89,0,0
Dyami Brown,WAS,WR,3,,,,,,0,0,0,9,4,21,0,,,,,,,97,0,5
Jaylin Lane,WAS,WR,3,,,,,,0,0,0,2,2,25,0,,,,,,,34,0,26
Luke McCaffrey,WAS,WR,1,,,,,,0,0,0,0,0,0,0,,,,,,,0,0,15
Stefon Diggs,WAS,WR,3,,,,,,0,0,0,22,13,135,3,,,,,,,121,0,0
Terry McLaurin,WAS,WR,3,,,,,,0,0,0,22,10,141,1,,,,,,,163,0,0
Treylon Burks,WAS,WR,2,,,,,,0,0,0,3,2,13,1,,,,,,,46,0,10
