date,away,home,home_win_prob,predicted_points,spread_line,total_line,lean,line
2026-10-01,PIT,CLE,0.344545,35.760736,-2.5,38.5,no_lean,"recorded schedule line, not a live book price, not a bet"
2026-10-04,ARI,NYG,0.521968,51.316081,-2.5,44.5,lean_over,"recorded schedule line, not a live book price, not a bet"
2026-10-04,DAL,HOU,0.587455,54.100597,3,48.5,lean_over,"recorded schedule line, not a live book price, not a bet"
2026-10-04,DEN,SF,0.494433,44.588939,3,47.5,no_lean,"recorded schedule line, not a live book price, not a bet"
2026-10-04,DET,CAR,0.371095,55.553695,-3.5,51.5,lean_over,"recorded schedule line, not a live book price, not a bet"
2026-10-04,GB,TB,0.431731,37.303367,-3.5,38.5,no_lean,"recorded schedule line, not a live book price, not a bet"
2026-10-04,IND,WAS,0.36553,53.555034,-3.5,47.5,lean_over,"recorded schedule line, not a live book price, not a bet"
2026-10-04,JAX,CIN,0.499045,51.161273,2.5,51.5,no_lean,"recorded schedule line, not a live book price, not a bet"
2026-10-04,KC,LV,0.323706,48.588502,-4.5,47.5,no_lean,"recorded schedule line, not a live book price, not a bet"
2026-10-04,LAC,SEA,0.554114,41.465942,7,42.5,no_lean,"recorded schedule line, not a live book price, not a bet"
2026-10-04,LA,PHI,0.56151,47.646256,-3,43.5,lean_over,"recorded schedule line, not a live book price, not a bet"
2026-10-04,MIA,MIN,0.61917,36.418681,10.5,38.5,no_lean,"recorded schedule line, not a live book price, not a bet"
2026-10-04,NE,BUF,0.561981,42.756903,6.5,48.5,lean_under,"recorded schedule line, not a live book price, not a bet"
2026-10-04,NYJ,CHI,0.544158,46.28634,3.5,43.5,no_lean,"recorded schedule line, not a live book price, not a bet"
2026-10-04,TEN,BAL,0.57792,41.420062,11.5,42.5,no_lean,"recorded schedule line, not a live book price, not a bet"
2026-10-05,ATL,NO,0.453828,45.271969,2.5,47.5,no_lean,"recorded schedule line, not a live book price, not a bet"
